id,lat,lon
8730667,30.27861,-87.555
8739803,30.40625,-88.247806
8731952,30.3033,-87.735
8737138,30.7819,-88.07361
8736897,30.648306,-88.058306
8735184,30.2517,-88.08
8735181,30.251319,-88.079486
8735180,30.25,-88.075
8735391,30.565167,-88.088
8735523,30.443611,-88.113889
8731439,30.2799,-87.68428
8731269,30.2483,-87.6683
8737373,30.9783,-87.8733
8733839,30.66717,-87.9364
8737048,30.70461,-88.03961
8735587,30.2583,-88.1133
8730849,30.355,-87.6
8733821,30.486639,-87.934528
8732828,30.416889,-87.825389
8738043,30.376639,-88.158556
9461380,51.863306,-176.632
9455120,59.7733,-149.588
9456901,58.29,-154.27
9455145,59.9533,-149.715
9455146,59.885,-149.718
9468283,63.7185,-171.6447
9462719,54.2333,-165.533
9462694,54.13328,-165.8
9457804,56.8974,-154.248
9455606,59.771972,-151.867028
9451317,56.6383,-132.927
9455921,61.2383,-149.888
9455920,61.2375,-149.8904
9452141,58.3167,-134.1
9454794,60.6233,-148.165
9461710,52.232,-174.1726
9454755,60.1967,-148.042
9451625,57.0883,-134.825
9452318,58.3217,-134.878
9494935,71.3601,-156.729861
9499176,70.1286,-143.611028
9455128,59.8017,-149.615
9455595,59.725,-151.023
9450906,56.0467,-132.862
9451287,56.595,-132.987
9466477,60.8,-161.75
9450623,55.6,-132.95
9462645,53.828917,-166.21625
9459251,54.8352,-159.7596
9465182,58.7083,-160.188
9454907,60.765,-148.523
9450973,56.1267,-132.895
9454381,60.8067,-146.798
9454818,60.4917,-148.242
9452378,58.6283,-135.165
9455777,60.7767,-151.245
9451012,56.1833,-131.572
9462676,54.064583,-165.93706
9450949,56.0733,-132.478
9450914,56.0383,-131.095
9454374,60.8983,-146.782
9451074,56.2767,-132.985
9455151,59.6933,-149.748
9451781,57.3067,-134.133
9462941,55.06428,-163.53417
9464961,58.521702,-159.152
9465988,60.004639,-165.590972
9490096,66.585694,-164.25083
9454329,60.2383,-146.648
9455711,60.3367,-151.38
9490571,67.054194,-163.32128
9465137,58.6267,-161.837
9462787,54.6,-164.928
9465601,59.378017,-162.0293
9458907,56.2317,-158.347
9458849,56.1467,-158.107
9454777,60.2833,-148.113
9458945,56.3233,-158.515
9458917,56.2967,-158.4
9452421,59.17,-135.4
9455735,60.5033,-151.283
9458293,55.8083,-155.74
9458519,56.0517,-156.698
9465261,58.8483,-158.552
9455558,59.601398,-151.410599
9454851,60.6633,-148.357
9459949,55.2083,-162.698
9454460,61.0233,-147.085
9452682,58.8883,-136.573
9454050,60.5583,-145.755
9451335,56.6633,-132.617
9452346,58.7517,-135.028
9450551,55.4883,-133.142
9455159,59.7133,-149.787
9452082,58.0967,-133.742
9450296,55.1,-131.217
9466931,61.5317,-166.148
9469751,66.09717,-162.740472
9453196,60.0467,-139.555
9459758,55.1217,-161.792
9451376,56.7217,-135.075
9457393,57.7394,-152.87472
9450998,56.1633,-133.413
9450286,55.0879,-132.81583
9466012,60.04294,-165.680583
9450997,56.1633,-133.33
9452635,58.1933,-136.343
9452634,58.19472,-136.34694
9468863,64.6167,-162.248
9451706,57.1883,-134.287
9451438,56.8117,-133.787
9450251,55.0354,-133.0238
9454757,60.4617,-148.045
9452437,58.4167,-135.447
9452328,57.9667,-134.935
9462955,54.8583,-163.407
9455914,61.1733,-150.205
9455912,61.1733,-150.213
9498381,70.185,-146.05
9452321,58.255,-134.895
9457726,56.594694,-153.996028
9451421,56.7867,-135.393
9469833,66.2303,-163.904099
9455963,61.3933,-149.847
9454807,60.95,-148.212
9454806,60.95,-148.212
9454153,60.7683,-146.078
9462705,54.11028,-165.66139
9454751,60.1,-148.038
9454824,61.035,-148.313
9452294,58.085,-134.777
9452292,58.1267,-134.758
9466153,60.2703,-162.4102
9459163,55.066,-159.4187
9451634,57.1133,-134.38
9454691,60.475,-147.792
9465173,58.721699,-160.427
9452067,57.76,-133.603
9450544,55.48,-132.645
9455557,59.6033,-151.42
9452438,58.1076,-135.44419
9458964,56.1133,-158.598
9450364,55.201698,-132.823
9453472,59.8583,-141.663
9453471,59.8583,-141.655
9469626,65.8933,-167.273
9462961,54.7784,-163.36428
9457634,56.96,-153.687
9453215,59.5817,-139.702
9452210,58.2988,-134.4106
9451528,56.948306,-133.89472
9455732,60.5117,-151.952
9458365,57.52,-156.052
9450581,55.535,-132.397
9455517,59.468306,-151.565
9468261,63.682861,-171.750194
9450460,55.331944,-131.626111
9453444,60.0267,-141.367
9465953,59.947528,-164.2107
9459881,55.059889,-162.326111
9454951,60.4567,-148.665
9491247,67.7267,-164.532
9491253,67.7267,-164.592
9457292,57.730278,-152.513889
9457283,57.745,-152.483
9490424,66.9017,-162.582
9450913,56.0369,-134.115
9458819,56.6133,-157.983
9465265,58.84,-159.647
9458705,56.6167,-157.492
9465911,59.87975,-163.166361
9469982,66.4617,-165.055
9457724,57.53,-153.99
9454713,60.0533,-147.907
9451422,56.7883,-132.502
9452569,58.3133,-136.037
9465419,59.1133,-156.832
9452336,58.4983,-134.965
9450625,55.6017,-132.512
9469541,65.757058,-168.949539
9466328,60.5543,-162.297104
9454825,60.6917,-148.263
9469460,65.625,-168.025
9469338,65.39,-167.145
9454642,60.4617,-147.672
9454674,59.89,-147.795
9451152,56.3922,-132.169
9450753,55.788283,-132.190883
9450466,55.3583,-132.368
9466217,60.4167,-166.167
9464075,56.9083,-158.684906
9450314,55.1283,-131.567
9459016,55.89,-158.82
9454616,60.025,-147.592
9451247,56.535,-133.767
9455824,60.9633,-150.673
9453443,59.93,-141.363
9452584,58.9133,-136.108
9457407,57.9783,-152.925
9458779,56.3517,-157.812
9465203,58.73206,-156.983
9465283,58.8467,-160.21
9457258,57.775,-152.403
9466298,60.5167,-165.133
9462948,54.9667,-163.44
9455760,60.683333,-151.398056
9462450,52.94061,-168.871306
9455653,60.055,-151.682
9468756,64.494611,-165.439639
9455869,61.043306,-151.163
9452005,57.5217,-133.055
9468039,63.3167,-168.967
9450642,55.629,-131.362694
9455178,59.7483,-149.9
9450711,55.7217,-133.35
9456717,58.3917,-153.958
9467551,62.53294,-164.84528
9457527,57.2028,-153.3039
9497147,70.5117,-149.867
9452184,58.1083,-134.31
9469515,65.728806,-168.032139
9457287,57.9217,-152.498
9451346,56.6767,-132.933
9452611,57.958,-136.2268
9454561,60.1267,-147.395
9455427,59.13,-151.697
9454721,60.6717,-147.932
9465396,59.0467,-161.818
9452516,58.2867,-135.803
9454814,59.9383,-148.227
9451005,56.1783,-132.697
9454671,60.1533,-147.767
9491873,68.3417,-166.808
9453210,59.9033,-139.627
9493300,69.74472,-163.06417
9451263,56.5583,-132.963
9455866,61.0367,-150.413
9469237,65.2567,-166.847
9450467,55.3583,-132.485
9458471,57.0133,-156.483
9466057,60.12328,-162.500361
9451054,56.24661,-134.64772
9454673,60.3433,-147.768
9454511,60.2418,-147.249
9455428,59.2133,-151.728
9455437,59.35,-151.827
9452542,58.3817,-135.918
9457391,57.873472,-152.8671
9455934,61.2683,-149.917
9463502,55.985694,-160.573889
9457261,57.7833,-152.428
9465056,58.5,-158.712
9451936,57.515,-135.6
9497649,70.3883,-148.51
9497645,70.411389,-148.531667
9454729,60.7533,-147.958
9458209,57.7067,-155.393
9465123,58.62,-161.542
9465831,59.750553,-161.915436
9450815,55.88,-132.595
9451467,56.8567,-134.723
9491094,67.575806,-164.064389
9453208,59.6117,-139.58
9462662,54.13072,-166.0993
9451124,56.3533,-132.553
9453456,59.885,-141.457
9454363,60.9467,-146.755
9462723,54.052,-165.51417
9450651,55.6417,-130.645
9453178,59.975,-139.407
9451497,56.903,-134.30306
9450495,55.4017,-132.328
9459450,55.33172,-160.5043
9468258,63.679083,-170.5371
9452022,57.8783,-133.19
9462808,54.393639,-164.74572
9451805,57.34,-135.707
9462786,54.101806,-164.941583
9454564,60.425,-147.41
9451454,56.837639,-134.3271
9455500,59.440498,-151.719894
9451853,57.41,-135.627
9455090,60.12,-149.426667
9450982,56.14,-133.61
9450987,56.1483,-133.46
9468691,64.3802,-161.235139
9450618,55.592917,-133.152
9469854,66.2633,-166.02
9469804,66.17,-166.207
9451600,57.051694,-135.342
9457512,56.96572,-153.252194
9452400,59.4508,-135.328
9454533,60.5317,-147.343
9465374,59.04,-158.447
9456173,60.107472,-152.5817
9454662,60.25,-147.717
9454652,60.3667,-147.7
9454952,60.6833,-148.673
9452377,58.615,-135.163
9450578,55.5333,-133.637
9468151,63.525,-162.293
9497646,70.4,-148.527
9462711,54.15083,-165.615
9457493,57.744028,-153.195472
9452368,58.215,-135.127
9452434,59.3017,-135.428
9456993,58.0633,-154.477
9456992,58.0633,-154.477
9452123,58.0683,-134.012
9452131,58.3667,-134.052
9451953,57.5333,-134.417
9452749,58.9648,-136.877583
9469239,65.2667,-166.353
9451785,57.295,-133.797
9451349,56.68242,-133.736908
9450970,56.1183,-132.078
9450938,56.0583,-132.968
9462782,54.12,-164.977
9469439,65.5583,-167.975
9457152,58.3167,-152.067
9452069,57.8067,-133.63
9462721,54.14,-165.527
9450463,55.3517,-132.93806
9451434,56.8,-132.98
9465116,58.5983,-160.307
9468333,63.871361,-160.7843
9462621,53.88,-166.542
9462620,53.879194,-166.540306
9458762,56.4917,-157.74
9455204,59.79,-150.032
9458553,56.7967,-156.848
9457728,57.635,-154.007
9457376,57.9283,-152.812
9454328,61.0817,-146.668
9454240,61.1242,-146.3631
9464212,57.125278,-170.285278
9451037,56.22,-132.297
9450761,55.799769,-132.165975
9452632,58.9467,-136.333
9494168,70.5983,-160.108
9497651,70.3883,-148.502
9455768,60.7133,-151.727
9457535,58.10717,-153.3401
9465358,58.9867,-160.625
9451741,57.25,-135.567
9454948,60.7783,-148.665
9454949,60.7783,-148.665
9452391,58.7133,-135.232
9452046,57.5883,-133.407
9454562,59.875,-147.403
9451204,56.47,-132.387
9453220,59.548333,-139.733056
9452249,58.1833,-134.587
9459465,55.335,-160.617
9454411,60.3083,-146.943
9463885,56.57,-169.7
1495000,-63.395,-56.995
2695535,32.369999,-64.695
2695540,32.373306,-64.703306
9414632,37.595,-122.145
9414767,37.7933,-122.315
9414750,37.7717,-122.3
9414818,37.8633,-122.42
9415064,38.02,-121.815
9416841,38.914556,-123.711083
9410079,33.345,-118.325
9415027,38.0033,-121.523
9410155,32.6867,-117.233
9410962,34.0083,-120.047
9415111,38.0433,-122.13
9415522,38.2567,-121.438
9414816,37.865,-122.307
9415117,38.045,-121.42
9415021,37.994694,-121.41904
9415396,38.19,-122.917
9414958,37.90778,-122.678612
9414835,37.8917,-121.488
9414867,37.9367,-121.333
9414836,37.8833,-121.577
9414811,38.1833,-121.923
9415446,38.21,-122.307
9418778,40.7783,-124.197
9410650,33.7067,-118.273
9415846,38.4167,-121.523
9414794,37.835,-121.552
9418637,40.637199,-124.282204
9415176,38.0733,-121.848
9414874,37.9433,-122.513
9414561,37.4467,-121.963
9414589,37.46,-121.953
9414575,37.465,-122.023
9414621,37.5633,-122.128
9419750,41.74561,-124.18439
9415143,38.0583,-122.223
9414509,37.5067,-122.115
9414510,37.5,-122.1
9415053,38.0117,-121.638
9415415,38.1917,-122.312
9415004,37.985,-121.392
9413631,36.8183,-121.747
9413663,36.85667,-121.755
9413623,36.81,-121.785
9418802,40.8067,-124.142
9418801,40.8067,-124.167
9418723,40.7233,-124.222
9418799,40.7983,-124.12
9415052,38.015,-122.503
9411399,34.46939,-120.228306
9415287,38.125,-121.578
9414551,37.4233,-121.975
9414796,37.8333,-122.397
9414785,37.82,-121.447
9416409,38.7043,-123.44939
9415126,38.0483,-122.498
9415124,38.0483,-122.498
9415074,38.0233,-122.292
9415344,38.1617,-122.55
9414759,37.775,-121.42
9414866,37.935,-121.435
9418686,40.6867,-124.222
9414358,37.73,-122.357
9410120,32.5783,-117.135
9415228,38.1133,-122.868
9415352,38.1633,-121.608
9415145,38.055,-121.657
9415379,38.18,-122.045
9410738,33.8467,-118.398
9413651,36.8413,-121.7453
9415229,38.09761,-121.568383
9410230,32.866889,-117.257139
9415423,38.1983,-122.547
9410680,33.7517,-118.227
9410660,33.719944,-118.272861
9418865,40.865,-124.148
9415112,38.0433,-121.918
9412802,35.949528,-121.48194
9415165,38.1117,-122.273
9415218,38.07,-122.25
9415102,38.034639,-122.125194
9415307,38.1367,-121.907
9410196,32.7937,-117.2238
9413450,36.605,-121.888054
9415402,38.1867,-121.98
9415205,38.0767,-121.885
9413616,36.8017,-121.79
9414768,37.7867,-121.313
9414519,37.4933,-122.042
9411013,34.1017,-119.098
9414778,37.8033,-121.448
9415623,38.2983,-122.28
9415478,38.2267,-121.49
9414506,37.5133,-122.08
9410580,33.6033,-117.883
9414305,37.81,-122.413
9418767,40.7663,-124.2172
9417426,39.4258,-123.8051
9414711,37.7317,-122.208
9414764,37.795,-122.282
9414777,37.805,-122.338
9414779,37.81,-122.327
9410179,32.7483,-117.255
9410396,33.21,-117.395
9411406,34.469167,-120.681944
9410025,32.5717,-117.12
9414868,37.9383,-121.56
9414392,37.665,-122.377
9414525,37.4583,-122.105
9414537,37.4567,-122.11
9414746,37.7717,-122.235
9415252,38.115306,-122.5057
9415584,38.2283,-122.613
9414317,37.79,-122.387
9415266,38.1267,-122.1
9414131,37.5025,-122.48217
9415056,38.015,-122.363
9415096,38.0367,-121.88
9414837,37.8917,-122.443
9414881,37.9583,-122.425
9415020,37.994167,-122.973611
9415009,37.9933,-122.447
9414873,37.945,-122.475
9415144,38.056,-122.0395
9412110,35.168806,-120.754194
9415198,38.08,-121.568
9410971,34.02,-119.683
9415149,38.0617,-121.555
9419945,41.94525,-124.200917
9418739,40.74,-124.212
9414523,37.506699,-122.209999
9414501,37.5333,-122.193
9419551,41.545,-124.07
9415320,38.1467,-122.883
9414849,37.91,-122.358
9414863,37.923,-122.409583
9411270,34.3483,-119.443
9415316,38.145,-121.692
9415479,38.2267,-121.673
9416174,38.58,-121.507
9418817,40.8267,-124.18
9410170,32.714194,-117.173583
9410302,33.0133,-117.277
9414290,37.806306,-122.465889
9414688,37.695,-122.192
9414637,37.6083,-122.182
9414458,37.58,-122.253
9415187,38.08,-122.462
9412553,35.6417,-121.188
9415477,38.2317,-122.968
9411340,34.403111,-119.692806
9410840,34.0083,-118.5
9414819,37.865,-122.493
9414806,37.8467,-122.477
9418024,40.025,-124.058
9415438,38.205,-122.373
9415565,38.2767,-121.495
9415338,38.1567,-122.407
9415447,38.21,-122.427
9414609,37.5517,-122.162
9410135,32.629101,-117.108
9415414,38.1833,-121.655
9414883,37.9583,-121.29
9415498,38.2367,-122.03
9415265,38.1283,-122.073
9415257,38.11,-121.498
9415236,38.1067,-121.7
9415193,38.0867,-121.685
9413643,36.83,-121.745
9419059,41.0567,-124.147
9414585,37.4617,-121.953
9418983,40.8983,-124.135
9415151,38.0567,-121.53
9415489,38.24,-121.522
9415105,38.050025,-121.49686
9410032,33.005001,-118.556999
9414782,37.81,-122.36
9648958,13.5833,-89.85
9759412,18.456639,-67.164583
9757809,18.480528,-66.702361
9759197,17.9514,-67.196583
9761115,17.590834,-61.820557
9751774,18.3633,-65.035
9751639,18.347222,-64.925833
9751364,17.747694,-64.69839
9653601,15.9533,-86.5
9752235,18.300861,-65.302472
9751494,18.297139,-64.81775
9751768,18.37125,-64.963472
9752695,18.093889,-65.471389
9753216,18.335278,-65.631111
9751584,17.7133,-64.8833
9731158,19.9067,-75.1467
9751456,18.3167,-64.7817
9752619,18.1525,-65.443889
9654601,16.445,-85.915
9752962,18.344972,-65.5695
9652734,15.7883,-86.795
9751381,18.31825,-64.724222
9755679,17.9283,-66.1583
9751309,18.36761,-64.72072
9751401,17.6947,-64.753799
9751467,18.3607,-64.803528
9500966,22.2617,-97.795
9759110,17.9701,-67.046402
9505950,19.0633,-104.298
9759394,18.219,-67.1625
9759938,18.089917,-67.9385
9753641,18.18706,-65.71139
9812530,8.91833,-79.5333
9712712,25.55,-79.2817
9712714,25.5517,-79.2817
9758053,17.972528,-66.7618
9665401,14.042,-83.38194
9654234,16.0167,-86.0333
9662957,12.4783,-87.1683
9650593,15.835,-87.87
9635000,13.9167,-90.83
9759189,18.074806,-67.1888
9635002,15.695,-88.62
9759421,18.165,-67.1817
9751540,18.3267,-64.8517
9755371,18.459167,-66.116389
9756639,17.955,-66.4067
9710441,26.71,-78.9967
9509990,18.7083,-110.948
9751373,18.3483,-64.7167
9751472,18.335,-64.795
9751583,18.34894,-64.86417
9754228,18.055083,-65.833
8467373,41.1567,-73.2133
8467150,41.173302,-73.181702
8463701,41.2683,-72.5317
8464445,41.2717,-72.6667
8466375,41.205,-73.0417
8463836,41.5033,-72.5533
8466797,41.2033,-73.1117
8465692,41.2517,-72.905
8468799,41.0383,-73.48
8463827,41.5417,-72.5517
8469057,41.039194,-73.592028
8464336,41.56,-72.645
8466442,41.2183,-73.055
8466664,41.275,-73.0883
8465705,41.283333,-72.908333
8465748,41.2933,-72.9167
8461490,41.361401,-72.089996
8461925,41.325,-72.1867
8461392,41.5233,-72.0783
8464255,41.6633,-72.63
8468609,41.065,-73.445
8468191,41.12,-73.3683
8466573,41.3017,-73.0717
8466791,41.1867,-73.1133
8468448,41.0967,-73.415
8467726,41.1333,-73.2833
8469198,41.0383,-73.5467
8463348,41.4517,-72.465
8460751,41.3433,-71.975
8461467,41.43,-72.0933
8555889,38.987,-75.113
8551851,39.57,-75.59
8551762,39.5817,-75.5883
8550438,39.75,-75.4933
8554501,39.1667,-75.2667
8555461,39.0483,-75.1833
8557125,38.8,-75.0833
8558695,38.61,-75.07
8558690,38.61,-75.07
8557380,38.78278,-75.119164
8559885,38.4633,-75.055
8554399,39.185,-75.4
8558788,38.595,-75.2917
8556198,38.945,-75.3133
8555388,39.0583,-75.3967
8551201,39.6567,-75.5617
8558789,38.595,-75.1733
8551702,39.5833,-75.5733
8551910,39.5583,-75.5733
8557863,38.72,-75.0833
8558101,38.69,-75.0783
8550714,39.7183,-75.52
8593909,38.91,-76.955
8593545,38.895,-76.9683
8593005,38.8717,-76.995
8594900,38.873,-77.0217
7691360,14.6767,-17.42
7641400,6.42333,3.41167
8723453,25.3967,-80.2333
8724992,25.9633,-81.665
8726614,27.87,-82.3283
8729015,30.03,-85.465
8729364,30.4883,-86.205
8721374,28.7333,-80.7567
8729152,30.17,-85.755
8728255,29.9117,-84.365
8728261,29.895,-84.3883
8728288,29.9033,-84.4133
8723861,24.85,-80.6183
8720086,30.5867,-81.4633
8720623,29.7933,-81.2717
8726917,28.165,-82.8433
8726924,28.1717,-82.785
8722274,27.355,-80.2733
8726243,27.4967,-82.7133
8726282,27.5333,-82.73
8724229,24.7583,-81.39
8728715,29.8417,-85.0283
8728711,29.7633,-85.0333
8728690,29.724444,-84.980556
8726537,27.7867,-82.4267
8726632,27.8817,-82.3967
8727097,28.4333,-82.6683
8724138,24.655,-81.2817
8726978,28.205,-82.7833
8726976,28.2017,-82.78
8729387,30.4867,-86.2533
8729381,30.4967,-86.24
8723582,25.2233,-80.3433
8726689,27.9417,-82.72
8729849,30.4017,-87.2517
8727151,28.5333,-82.65
8729105,30.0917,-85.6483
8724489,24.6017,-81.655
8729435,30.465,-86.3517
8729909,30.3267,-87.3567
8724979,25.9333,-81.655
8724226,24.7283,-81.3867
8724231,24.745,-81.395
8724211,24.67,-81.3683
8724192,24.6517,-81.35
8724227,24.69,-81.3833
8724246,24.7883,-81.4117
8724264,24.705,-81.4333
8723439,25.415,-80.21
8720757,29.615,-81.205
8722213,27.4683,-80.3
8724436,24.5883,-81.6383
8723089,25.88,-80.1633
8726353,27.6017,-82.5533
8720434,30.08,-81.7617
8725943,27.1783,-82.495
8724975,25.9317,-81.5967
8729753,30.6367,-87.0283
8720203,30.4133,-81.545
8729941,30.38694,-87.428806
8724493,24.575,-81.7083
8724499,24.5633,-81.7133
8724485,24.6033,-81.6983
8726574,27.8083,-82.795
8722816,26.3433,-80.0767
8720084,30.5883,-81.6633
8724193,24.6967,-81.3483
8725541,26.7067,-82.1633
8723971,24.7033,-81.105
8722706,26.5483,-80.0533
8726247,27.5,-82.5733
8720767,29.595,-81.6817
8729154,30.3283,-85.7633
8726774,28.0317,-82.82
8729063,30.1367,-85.5717
8729548,30.47,-86.5933
8721608,28.4083,-80.6017
8721804,28.1383,-80.5783
8725451,26.564472,-81.935806
8723251,25.6517,-80.16
8724947,25.8533,-81.675
8728942,29.6683,-85.36
8723534,25.2883,-80.37
8725325,26.405361,-81.88325
8728464,29.85,-84.665
8723583,25.2217,-80.2117
8725916,27.1533,-82.4833
8728619,29.7233,-84.8867
8720189,30.4367,-81.6417
8727520,29.135,-83.0317
8724507,24.6033,-81.725
8727246,28.715,-82.5767
8729851,30.5983,-87.2467
8720023,30.6833,-81.5333
8729329,30.3967,-86.0883
8724919,25.8133,-81.3633
8723457,25.3917,-80.23
8729567,30.4283,-86.6317
8720198,30.4067,-81.51
8726724,27.978306,-82.831694
8726706,27.955,-82.8067
8726425,27.6783,-82.5033
8721649,28.3683,-80.6
8724098,24.745,-81.2367
8725228,26.2817,-81.8017
8725319,26.4,-81.8433
8724307,24.79,-81.4833
8724964,25.8967,-81.6367
8723391,25.48,-80.1883
8726217,27.4667,-82.6867
8724527,24.57,-81.75
8720004,30.7217,-81.6217
8723746,25.005,-80.6183
8724199,24.7567,-81.3583
8720651,29.7683,-81.2583
8720855,29.43,-81.5067
8729179,30.3083,-85.8117
8726996,28.2467,-82.735
8727343,28.8983,-82.5983
8724313,24.66,-81.4917
8724305,24.6867,-81.4833
8724328,24.7,-81.505
8724332,24.6617,-81.515
8720097,30.5767,-81.5717
8720011,30.7083,-81.465
8720012,30.7167,-81.3017
8723289,25.615,-80.305
8725685,26.855,-82.3033
8727751,29.7133,-83.5017
8720219,30.387222,-81.559166
8724971,25.9167,-81.6867
8726657,27.9083,-82.4517
8721020,29.2283,-81.005
8721120,29.1467,-80.9633
8720214,30.3967,-81.395
8727809,29.845,-83.6217
8722746,26.4733,-80.0617
8726273,27.5233,-82.65
8729511,30.395,-86.5133
8726739,27.9883,-82.6083
8723205,25.7267,-80.2367
8724963,25.895,-81.5583
8727336,28.8817,-82.635
8724201,24.69,-81.3567
8720406,30.12,-81.7583
8728408,29.81,-84.585
8725079,26.0833,-81.785
8722528,26.8817,-80.07
8726768,28.0283,-82.6333
8724474,24.6233,-81.685
8723927,24.765,-80.9133
8723044,25.9417,-80.125
8726761,28.0133,-82.7933
8729083,30.1,-85.6117
8723465,25.3733,-80.29
8724094,24.775,-81.2267
8729702,30.45,-86.9183
8723752,24.9967,-80.61
8720596,29.8583,-81.5533
8727956,30.0533,-83.91
8721191,28.9883,-80.9
8720145,30.5017,-81.5417
8726347,27.6017,-82.76
8725769,26.9617,-82.21
8728786,29.7067,-85.1533
8723393,25.4767,-80.18
8723409,25.4533,-80.1967
8725747,26.9333,-82.3533
8725351,26.4383,-81.9183
8725346,26.43,-81.8567
8724948,25.8583,-81.3867
8724970,25.9033,-81.5133
8724962,25.89,-81.4767
8729017,30.0167,-85.47
8723949,24.7333,-81.0167
8727892,29.98,-83.7833
8720030,30.671389,-81.465833
8728258,30.015,-84.3683
8727086,28.4133,-82.6767
8726988,28.23,-82.7533
8725272,26.3367,-81.845
8729806,30.3367,-87.14
8723644,25.1417,-80.9233
8724571,24.5917,-81.795
8729824,30.5817,-87.18
8720186,30.44,-81.4383
8726277,27.525,-82.43
8720686,29.715,-81.2383
8725520,26.648,-81.871
8729882,30.33,-87.2917
8722212,27.47,-80.2883
8729554,30.4017,-86.61
8727512,29.3983,-83.0233
8722939,26.1133,-80.1083
8722937,26.1183,-80.145
8720221,30.39,-81.5067
8726573,27.8217,-82.485
8723693,25.0767,-80.455
8725411,26.5133,-82.1067
8726641,27.8933,-82.5383
8724697,24.6267,-82.8717
8729538,30.435,-86.5867
8723026,25.9667,-80.125
8722414,27.0933,-80.1367
8724306,24.6417,-81.485
8729155,30.1583,-85.7683
8723921,24.7717,-80.94
8723933,24.755,-80.9583
8720496,29.99,-81.6633
8720093,30.5767,-81.6083
8721138,29.0817,-80.9367
8727293,28.8,-82.6033
8725791,26.9883,-81.9933
8729613,30.4083,-86.7317
8723073,25.9033,-80.125
8723080,25.9033,-80.12
8726045,27.2917,-82.5417
8729889,30.37,-87.3183
8725024,26.0267,-81.73
8725377,26.47,-81.8767
8729791,30.455,-87.1
8722862,26.2567,-80.08
8722861,26.2583,-80.0817
8722859,26.26,-80.085
8726693,27.9467,-82.4617
8722429,27.065,-80.1233
8722445,27.0367,-80.1067
8722979,26.04,-80.115
8726834,28.0833,-82.8283
8726808,28.0583,-82.81
8726809,28.0617,-82.8133
8724139,24.7667,-81.2833
8727648,29.4367,-83.2933
8726904,28.1533,-82.8017
8724243,24.725,-81.4067
8728757,29.77,-85.085
8727061,28.3617,-82.71
8729598,30.4067,-86.7
8725368,26.46,-81.94
8729943,30.4583,-87.4083
8720357,30.1917,-81.6917
8725269,26.3367,-81.83
8725271,26.3433,-81.78
8726853,28.1033,-82.7783
8723843,24.8767,-80.6767
8724932,25.81,-81.465
8726601,27.8733,-82.8517
8724409,24.6583,-81.6083
8725418,26.5217,-81.965
8723797,24.9383,-80.61
8720291,30.2833,-81.3867
8720268,30.325,-81.665
8722338,27.235,-80.21
8723613,25.1833,-80.39
8727235,28.6917,-82.6383
8726533,27.785,-82.7817
8724172,24.7667,-81.3233
8724153,24.7433,-81.3
8724397,24.71,-81.5933
8729332,30.4283,-86.1367
8720409,30.135,-81.63
8722495,26.9433,-80.0733
8722491,26.9517,-80.08
8722492,26.9467,-80.09
8722499,26.935,-80.085
8725019,26.025,-81.7683
8724292,24.6617,-81.4683
8723232,25.6983,-80.17
8723962,24.7183,-81.0167
8724517,24.58,-81.7383
8724557,24.545,-81.7833
8724580,24.55083,-81.80806
8720058,30.6317,-81.4767
8724008,24.7067,-81.125
8724302,24.715,-81.4783
8726899,28.15,-82.7717
8729333,30.4683,-86.1383
8729045,30.1217,-85.5283
8722512,26.9117,-80.08
8722669,26.6133,-80.0467
8722670,26.612778,-80.034167
8722802,26.37,-80.07
8728412,29.8783,-84.595
8720051,30.6433,-81.5233
8722899,26.1883,-80.0933
8723824,24.9033,-80.695
8723825,24.9,-80.705
8724093,24.6817,-81.2283
8725665,26.8267,-82.285
8725259,26.33,-81.8383
8725283,26.3533,-81.855
8724177,24.75,-81.3283
8724154,24.7133,-81.3033
8720274,30.31,-81.61
8729808,30.3367,-87.1467
8724209,24.7733,-81.3683
8720006,30.7317,-81.7267
8724224,24.665,-81.3867
8725835,27.0433,-81.9867
8725745,26.93,-82.1367
8724698,24.6317,-82.92
8723906,24.7917,-80.8833
8723873,24.8383,-80.7983
8726604,27.855,-82.48
8726089,27.34,-82.59
8720242,30.36,-81.62
8729816,30.515,-87.1617
8723851,24.8683,-80.7033
8723852,24.865,-80.7167
8727433,29.0767,-82.8117
8722496,26.935,-80.1433
8722481,26.97,-80.1267
8729102,30.255,-85.6483
8725809,27.0117,-82.41
8723574,25.235,-80.435
8727989,30.1267,-83.975
8726492,27.7417,-82.4667
8727333,28.87,-82.7233
8724967,25.9083,-81.7283
8724991,25.9717,-81.7283
8726467,27.7183,-82.4533
8723950,24.73,-81.03
8727274,28.7617,-82.6383
8729107,30.1517,-85.66
8724205,24.7333,-81.3617
8720218,30.398167,-81.427889
8720220,30.3933,-81.4317
8720211,30.4,-81.4133
8720224,30.395,-81.4317
8724996,25.985,-81.7017
8728366,29.9817,-84.5267
8726667,27.913333,-82.425
8721832,28.1,-80.6117
8728995,29.9483,-85.425
8723178,25.7633,-80.13
8723170,25.7683,-80.1317
8723155,25.77,-80.1683
8723165,25.7783,-80.185
8721994,27.8733,-80.4967
8724427,24.6667,-81.63
8727001,28.2483,-82.7233
8729071,30.245,-85.605
8720244,30.37,-81.5583
8729905,30.4183,-87.3567
8729757,30.6267,-87.0367
8720119,30.5367,-81.5817
8724099,24.68,-81.235
8724107,24.6733,-81.2433
8726769,28.0217,-82.655
8720805,29.5383,-81.5567
8724062,24.6833,-81.1917
8720217,30.3917,-81.6617
8724082,24.6833,-81.2167
8724487,24.675,-81.7017
8729793,30.545,-87.1033
8726364,27.615,-82.7267
8724238,24.6233,-81.4033
8725837,27.045,-82.2933
8725114,26.1367,-81.7883
8725110,26.131667,-81.8075
8720135,30.5183,-81.4533
8720098,30.5683,-81.515
8729681,30.3767,-85.865
8729678,30.3767,-86.865
8720215,30.4,-81.626663
8728486,29.7667,-84.7
8722312,27.2867,-80.2267
8729136,30.125,-85.73
8721164,29.0233,-80.9183
8724215,24.6517,-81.375
8726539,27.7833,-82.4067
8729962,30.3933,-87.425
8724168,24.6983,-81.3183
8725899,27.1233,-82.47
8726942,28.21,-82.84
8722208,27.4717,-80.325
8725488,26.605,-82.2183
8722957,26.08,-80.1117
8726908,28.1583,-82.7567
8722478,26.975,-80.1133
8722334,27.2433,-80.3133
8724367,24.6533,-81.5533
8722472,26.9867,-80.1417
8723050,25.93,-80.12
8722557,26.8267,-80.055
8729949,30.5233,-87.4433
8728941,30.0033,-85.3483
8721136,29.0833,-80.9667
8722482,26.9667,-80.12
8724441,24.6167,-81.645
8720305,30.2533,-81.43
8723519,25.3083,-80.2767
8722718,26.5267,-80.0533
8728262,29.9767,-84.375
8728351,30.005,-84.4717
8724112,24.67,-81.2517
8729505,30.3933,-86.505
8726607,27.857778,-82.552778
8720374,30.1683,-81.695
8720954,29.285,-81.0533
8720296,30.2783,-81.705
8722146,27.5933,-80.3567
8725331,26.4133,-81.8983
8725171,26.2117,-81.8133
8728957,29.9967,-85.37
8727003,28.2567,-82.735
8727328,28.8633,-82.6667
8727306,28.825,-82.6583
8726819,28.07,-82.7817
8720232,30.3767,-81.4483
8720267,30.3233,-81.4383
8721222,28.94,-80.87
8720774,29.6433,-81.6317
8721874,28.0417,-80.58
8722621,26.705,-80.045
8722607,26.7333,-80.0417
8726696,27.9467,-82.4017
8726699,27.9483,-82.385
8720398,30.1333,-81.3867
8726249,27.5033,-82.6483
8726233,27.485,-82.645
8720653,29.7633,-81.5617
8729189,30.1867,-85.8333
8729210,30.213301,-85.878304
8729108,30.15228,-85.7
8724951,25.8583,-81.5383
8729039,30.1367,-85.5167
8729084,30.1267,-85.6117
8721727,28.245,-80.6
8729085,30.0983,-85.6133
8722404,27.1133,-80.145
8726651,27.8983,-82.4267
8729868,30.345,-87.2733
8729840,30.404389,-87.211194
8729974,30.3,-87.4483
8726254,27.4983,-82.6683
8726232,27.4867,-82.6867
8724353,24.655,-81.54
8724378,24.6483,-81.57
8722548,26.8433,-80.0667
8720225,30.3833,-81.6367
8724033,24.705,-81.1567
8724032,24.7033,-81.155
8725528,26.66,-82.155
8721749,28.2117,-80.6633
8720333,30.2283,-81.6633
8727012,28.2683,-82.7267
8725667,26.8333,-82.265
8723769,24.9733,-80.55
8720008,30.705,-81.47
8723689,25.0817,-80.4467
8721147,29.0633,-80.915
8724196,24.7183,-81.3517
8725577,26.72,-82.2583
8722951,26.0917,-80.1233
8727395,29.0017,-82.7583
8722968,26.06,-80.13
8726384,27.638333,-82.5625
8722588,26.77,-80.0517
8722383,27.1517,-80.195
8728912,29.815,-85.3133
8723691,25.0817,-80.45
8723692,25.08,-80.45
8723506,25.325,-80.2933
8724373,24.7167,-81.5617
8725744,26.9283,-82.065
8725391,26.4883,-82.0133
8727188,28.6067,-82.6633
8724311,24.7417,-81.4833
8720625,29.8017,-81.5483
8723350,25.5333,-80.1717
8723355,25.5233,-80.175
8724239,24.65,-81.4033
8724255,24.66,-81.4233
8720503,29.9817,-81.63417
8726575,27.8217,-82.8317
8725441,26.55,-82.1967
8726278,27.5267,-82.4817
8720216,30.3983,-81.6983
8728949,29.69,-85.3633
8726906,28.1567,-82.7467
8724529,24.565,-81.7517
8723688,25.0817,-80.445
8729479,30.5067,-86.4467
8727122,28.4867,-82.6617
8720007,30.7033,-81.5767
8724405,24.6233,-81.6033
8724417,24.615,-81.6167
8724423,24.6117,-81.6233
8726738,27.9883,-82.685
8727021,28.2917,-82.7267
8724635,24.4533,-81.8783
8723372,25.5067,-80.1883
8729376,30.4,-86.2283
8729679,30.385,-86.8633
8726083,27.3317,-82.545
8720137,30.5133,-81.4567
8720143,30.5033,-81.4717
8724369,24.7583,-81.5617
8722004,27.86,-80.4483
8722029,27.8117,-80.4633
8722366,27.1833,-80.1583
8722371,27.175,-80.1883
8725902,27.1267,-82.4467
8724438,24.6033,-81.645
8725781,26.98,-81.96
8725782,26.9783,-81.975
8727359,28.9233,-82.6917
8729119,30.095,-85.685
8723812,24.9133,-80.66
8723807,24.9233,-80.6717
8728229,30.06,-84.29
8729169,30.215,-85.74
8729747,30.5817,-87.015
8727604,29.3983,-83.2067
8725985,27.2217,-82.515
8724542,24.585,-81.775
8728669,29.6133,-84.9583
8724422,24.6,-81.6217
8720168,30.465,-81.4317
8727705,29.5567,-83.4017
8720196,30.4167,-81.4533
8720833,29.4783,-81.1367
8724671,24.71828,-81.921528
8724463,24.6917,-81.6733
8723999,24.6267,-81.1117
8722219,27.4567,-80.3233
8728488,29.8017,-84.7367
8722761,26.4467,-80.065
8722376,27.165,-80.255
8725691,26.8717,-82.3133
8729117,30.1133,-85.68
8722956,26.081667,-80.116667
8720226,30.320499,-81.659058
8729101,30.2833,-85.6467
8724178,24.6483,-81.33
8726892,28.1467,-82.7583
8727843,29.92,-83.6717
8729052,30.025,-85.5417
8726430,27.6833,-82.7383
8720576,29.8917,-81.31
8729022,29.97,-85.48
8729149,30.13,-85.7433
8729141,30.1333,-85.7317
8720587,29.8567,-81.2633
8728552,29.6917,-84.7917
8728626,29.6533,-84.8967
8728548,29.6867,-84.7867
8725393,26.4917,-82.0817
8728958,29.8733,-85.39
8722207,27.48,-80.3333
8728151,30.155,-84.2033
8728130,30.0783,-84.1783
8720001,30.7867,-81.84
8726522,27.76,-82.6267
8726520,27.7606,-82.62694
8728311,29.9283,-84.4467
8720582,29.8667,-81.3067
8720692,29.704531,-81.22786
8727695,29.6717,-83.39
8724503,24.5767,-81.7217
8722357,27.2,-80.2583
8724375,24.6067,-81.5667
8724368,24.6933,-81.555
8724347,24.6717,-81.5333
8724377,24.64,-81.57
8724363,24.6333,-81.5517
8724266,24.6517,-81.435
8724276,24.65,-81.4467
8723678,25.095,-80.4433
8726833,28.085,-82.7717
8720782,29.5717,-81.6067
8727558,29.325,-83.1417
8727577,29.3283,-83.1517
8726639,27.89,-82.48
8726668,27.9183,-82.445
8729938,30.35,-87.415
8725362,26.4433,-82.0817
8724327,24.6283,-81.51
8724334,24.63,-81.5167
8726905,28.16,-82.7683
8723741,25.015,-80.515
8723747,25.005,-80.5167
8722488,26.9517,-80.1033
8722486,26.96,-80.105
8722487,26.9517,-80.1017
8726572,27.82,-82.3867
8726428,27.6883,-82.7183
8720148,30.5017,-81.495
8721456,28.62,-80.8
8720494,29.99439,-81.329472
8723918,24.7767,-80.9233
8723912,24.7833,-80.9067
8723467,25.3783,-80.2567
8721604,28.415833,-80.593056
8725439,26.5483,-82.08
8720213,30.42,-81.7283
8727277,28.7717,-82.695
8723423,25.4367,-80.33
8728360,29.915,-84.5117
8725649,26.7967,-82.1833
8721223,28.9267,-80.825
8726685,27.9383,-82.4317
8727348,28.905,-82.6383
8729738,30.6583,-86.9883
8723828,24.8967,-80.6583
8723814,24.915,-80.6317
8723808,24.925,-80.6317
8723786,24.9533,-80.5867
8723970,24.711,-81.1065
8729501,30.5033,-86.4933
8720059,30.63,-81.5767
8725858,27.0717,-82.4533
8725889,27.1117,-82.4633
8722125,27.6317,-80.3717
8720554,29.9167,-81.3
8723214,25.731667,-80.161667
8722059,27.755,-80.425
8727471,29.165,-82.8083
8728171,30.1767,-84.2467
8724448,24.6467,-81.6533
8729871,30.375,-87.2767
8724189,24.74,-81.3417
8724273,24.7467,-81.45
8725222,26.2767,-81.825
8723518,25.31,-80.2983
8720832,29.4767,-81.675
8724129,24.78,-81.2717
8729197,30.2933,-85.8583
8724639,24.625,-81.895
8722977,26.0433,-80.1267
8722982,26.0333,-80.1233
8722654,26.645,-80.045
8726711,27.96,-82.4683
8724646,24.445,-81.9267
8728973,30.0383,-85.3933
8723795,24.94,-80.6083
8722971,26.055,-80.1133
8728694,29.785,-84.8983
8728853,29.880694,-85.2214
8726159,27.4083,-82.58
8725235,26.29,-81.8183
8729736,30.3867,-86.9917
8722784,26.4033,-80.07
8727411,29.03,-82.7133
8678322,30.985,-81.5917
8679945,30.7267,-81.4767
8676808,31.2133,-81.55
8674301,31.575,-81.19
8674975,31.4867,-81.32
8675761,31.373861,-81.3
8679758,30.7633,-81.4717
8670870,32.0367,-80.9017
8671314,31.9633,-80.9433
8673381,31.695,-81.2717
8677406,31.1446,-81.496806
8679511,30.7967,-81.515
8676329,31.285,-81.385
8674599,31.5367,-81.1933
8675622,31.39,-81.2883
8670893,32.0233,-81.0467
8670424,32.1433,-81.1417
8671315,31.9633,-81.0117
8678124,31.014806,-81.455972
8679909,30.7267,-81.4983
8672667,31.7933,-81.1817
8675623,31.3917,-81.2667
8671086,31.99,-81.0233
8673171,31.723028,-81.1417
8679964,30.72,-81.5483
8677344,31.1317,-81.3967
8672875,31.7667,-81.2783
8671029,31.9967,-80.855
9044035,42.29806,-83.0928
9044036,42.2983,-83.0933
9044020,42.091694,-83.186694
9044049,42.357498,-82.93
9044030,42.202306,-83.1475
9063048,41.900444,-80.798056
9063032,42.3428,-79.59361
9063020,42.877444,-78.890472
9063063,41.54086,-81.635472
9063043,41.963306,-80.5483
9063112,43.073031,-78.977619
9063091,41.673,-83.284167
9063029,42.488694,-79.336278
9063038,42.153889,-80.0925
9063053,41.75975,-81.28106
9063090,41.96,-83.257
9063074,41.4,-82.6
9063069,41.469333,-82.175278
9063079,41.54364,-82.73139
9063087,41.8983,-83.3617
9063075,41.382553,-82.514364
9063117,42.943306,-78.909972
9063083,41.514306,-82.940417
9063097,41.65861,-82.826389
9063028,42.691306,-79.0473
9063085,41.69356,-83.47228
9075065,45.063,-83.4286
9075057,44.81583,-83.306
9075092,45.99583,-84.3617
9075099,45.9925,-83.8982
9075098,46.0167,-83.92
9075035,43.6404,-83.8468
9075034,43.6417,-83.8467
9075041,43.9539,-83.88194
9075014,43.84639,-82.643059
9075059,44.6593,-83.2863
9075002,43.141694,-82.493306
9075080,45.8,-84.721107
9075079,45.8,-84.7253
9075056,44.406389,-83.322222
9075045,44.0499,-83.657306
9075024,44.049444,-82.994444
9075011,43.431,-82.53861
9075073,45.422778,-83.810278
9075031,43.735,-83.45861
9087091,45.618611,-86.659444
9087044,41.729721,-87.53833
9087090,45.743,-87.04194
9087175,44.747222,-87.698889
9087018,44.629889,-86.246417
9087077,44.53839,-88.00325
9087079,44.541111,-88.007222
9087078,44.54,-88.0083
9087031,42.773333,-86.212778
9087042,41.654028,-87.43
9087068,44.463972,-87.501028
9087023,43.947361,-86.441611
9087094,45.952,-86.2472
9087064,44.08934,-87.64824
9087088,45.095889,-87.589944
9087038,41.725,-86.9083
9087058,43.002,-87.88761
9087057,43.002,-87.8876
9087028,43.2275,-86.23806
9087005,45.3775,-84.959167
9087096,45.969889,-85.8715
9087036,42.112833,-86.4805
9087072,44.795583,-87.314333
9087010,44.77,-85.625
9087050,42.36083,-87.823
9052000,44.13028,-76.332
9052090,43.263889,-79.064167
9052076,43.33839,-78.7273
9052030,43.46417,-76.51183
9052025,43.573611,-76.201944
9052058,43.26903,-77.62575
9052015,43.881,-76.353028
9052001,44.100306,-76.3703
9034051,42.435,-82.8717
9034058,42.575,-82.655
9034057,42.677778,-82.733889
9034055,42.59325,-82.772444
9034052,42.473222,-82.87925
9099050,46.596,-90.9
9099075,47.2706,-91.27583
9099064,46.77575,-92.092028
9099039,47.458611,-88.149167
9099090,47.7486,-90.34128
9099025,46.976,-88.4328
9099041,47.2325,-88.62361
9099018,46.545555,-87.378609
9099016,46.5417,-87.39
9099013,46.416694,-86.655
9099044,46.874443,-89.324165
9099004,46.4845,-84.630889
9099062,46.704,-92.016639
9099070,47.0167,-91.675
9099007,46.760556,-84.964167
9063009,43.08106,-79.061361
9063010,43.08194,-79.0625
9063007,43.1,-79.059917
9063015,42.958111,-78.954111
9063017,42.9339,-78.9075
9063016,42.971194,-78.93
9063013,43.073306,-78.984972
9063012,43.076917,-79.013889
9063019,42.906694,-78.903306
9063018,43.028306,-78.886694
9014070,42.621113,-82.526665
9014087,42.945278,-82.443333
9014096,43.0033,-82.4217
9014098,43.0069,-82.4225
9014099,43.006,-82.42
9014084,42.9067,-82.4667
9014090,42.974724,-82.418892
9014091,42.9747,-82.418806
9014080,42.812222,-82.485558
9014081,42.80417,-82.46528
8311062,44.33111,-75.934528
8311060,44.3,-75.916639
8311070,44.241694,-76.086694
8311030,44.701668,-75.494
8311018,44.86525,-75.209639
9076050,46.461083,-84.286083
9076032,46.4847,-84.301
9076033,46.485832,-84.301666
9076028,46.284361,-84.212306
9076024,46.264806,-84.191194
9076070,46.501111,-84.372611
9076060,46.500805,-84.340363
9076027,46.283306,-84.205
1612404,21.3683,-157.94
1612366,21.33,-157.967
1617760,19.73028,-155.06
1612340,21.306694,-157.867
1615680,20.895,-156.476694
1614465,20.79,-156.995
1613198,21.085,-157.032
1617433,20.0366,-155.8294
1612702,21.6367,-157.922
1612479,21.435,-157.792
1612480,21.433056,-157.79
1611400,21.9544,-159.3561
1611347,21.9033,-159.592
2431000,-7.29,72.3933
8761727,29.69,-89.9733
8761108,29.5983,-89.6183
8764044,29.6675,-91.237611
8761534,30.2283,-89.8533
8761414,29.3717,-89.7517
8760595,29.4933,-89.1733
8767961,30.190194,-93.300806
8768094,29.768167,-93.342889
8761955,29.9329,-90.135472
8762788,30.3083,-90.5867
8761487,30.065,-89.8
8761826,29.21,-90.04
8761198,29.2667,-89.5983
8762928,29.245,-90.6617
8760742,29.8233,-89.27
8765258,29.7117,-91.8783
8765251,29.713361,-91.88
8764101,29.4733,-91.2667
8760417,29.20075,-89.04
8762888,29.0717,-90.64
8762372,30.0503,-90.368
8762273,30.2967,-90.3117
8762223,29.0767,-90.285
8761207,29.375,-89.6017
8761193,29.39,-89.595
8761959,29.52,-90.1383
8764314,29.3675,-91.383889
8764311,29.3717,-91.385
8762079,29.1133,-90.185
8766072,29.551694,-92.305194
8762184,29.3733,-90.265
8761720,29.255,-89.9683
8761724,29.263,-89.957
8760668,30.1267,-89.2217
8761426,30.1117,-89.76
8762483,30.067861,-90.389972
8763027,29.3733,-90.7117
8761899,29.6667,-90.1117
8767816,30.223611,-93.221667
8761602,29.5583,-89.8833
8764227,29.449611,-91.338111
8761484,29.4567,-89.8
8762084,29.2483,-90.2117
8761799,29.4967,-90.025
8765026,29.485,-91.7633
8761529,29.945,-89.835
8761742,29.3183,-89.98
8761678,30.0067,-89.9367
8763986,29.6933,-91.21
8761927,30.027222,-90.113333
8765171,29.9483,-91.8383
8760412,29.205,-89.0367
8760889,29.3866,-89.380139
8760922,28.932222,-89.4075
8760721,29.178306,-89.258306
8764256,29.3333,-91.3533
8762731,29.4283,-90.5567
8762525,29.4167,-90.4467
8762075,29.11425,-90.19925
8762571,29.4567,-90.4717
8763506,29.0633,-90.9617
8761473,30.2717,-89.7933
8761699,30.28,-89.9533
8764632,29.5733,-91.5367
8762231,29.7717,-90.29
8761305,29.8683,-89.673
8764165,29.4733,-91.305
8760781,29.0533,-89.305
8760550,28.9917,-89.14
8760551,28.99,-89.14
8760783,29.0567,-89.3083
8761679,29.4317,-89.9383
8764025,29.7433,-91.23
8763153,29.235,-90.78
8760943,28.925,-89.4183
8761993,30.3783,-90.16
8761819,29.4017,-90.0383
8761962,29.3617,-90.14
8762938,29.1867,-90.6667
8763535,29.1748,-90.9764
8761402,30.1667,-89.7367
8762582,29.0667,-90.4767
8762419,30.285,-90.4017
8760849,29.2733,-89.3517
8761385,30.06875,-89.802083
8764361,29.5733,-91.42
8765148,29.8372,-91.8375
8762482,29.788611,-90.420278
8761494,29.5733,-89.805
8419751,42.9883,-70.6183
8417144,44.32,-69.77028
8414612,44.785,-68.7667
8413320,44.392194,-68.204278
8417227,43.925,-69.815
8415191,44.4267,-69.005
8418828,43.4917,-70.4467
8414684,44.5717,-68.8017
8418606,43.4617,-70.3817
8419399,43.1667,-70.5933
8417821,43.695,-70.11
8410714,44.87,-67.1083
8418009,43.69,-70.19
8417997,43.645,-70.1983
8411060,44.657028,-67.204666
8411250,44.6417,-67.2967
8417874,43.7517,-70.14
8410140,44.904598,-66.982903
8413801,44.535,-68.4217
8418015,43.7317,-70.205
8418268,43.6417,-70.285
8419528,43.13,-70.6383
8414721,44.4717,-68.8133
8417134,44.2333,-69.7667
8410715,44.9233,-67.13
8419688,43.0667,-70.6967
8410864,44.823,-67.1517
8417881,43.7217,-70.1417
8417988,43.67,-70.2
8417177,43.755,-69.785
8414821,44.1267,-68.8583
8418911,43.3583,-70.4767
8417941,43.69,-70.17
8413825,44.17,-68.435
8412581,44.54,-67.875
8414856,44.1267,-68.8733
8414249,44.192306,-68.620931
8410834,45.1284,-67.1447
8417087,43.8983,-69.7433
8418445,43.545,-70.3333
8418031,43.6233,-70.2067
8418150,43.65806,-70.24417
8417948,43.7617,-70.1733
8414888,44.1567,-68.8867
8417208,44.0883,-69.7983
8415490,44.105,-69.1017
8414692,44.505,-68.805
8419870,43.08,-70.7417
8415709,44.0717,-69.1817
8416731,43.9333,-69.58
8419317,43.32,-70.563306
8414781,44.6367,-68.8417
8416921,44,-69.6667
8575510,38.975,-76.4567
8575512,38.98328,-76.4816
8571901,38.71,-76.335
8574680,39.266944,-76.579444
8571579,38.3417,-76.265
8574726,39.25,-76.49
8571702,38.42833,-76.23667
8573704,39.3717,-76.0633
8571421,38.22039,-76.0387
8579997,38.9333,-76.9383
8570691,38.13894,-75.183528
8571892,38.5725,-76.061667
8571890,38.575,-76.0717
8571351,38.1717,-75.945
8571289,38.125,-75.9467
8576363,38.7,-76.5333
8573927,39.526667,-75.81
8573137,39.11,-76.1383
8571181,38.0483,-75.8033
8575109,39.1,-76.445
8577188,38.3917,-76.3983
8571091,37.9767,-75.8633
8573349,39.245,-75.925
8574848,39.195,-76.5767
8571073,37.9717,-75.985
8573211,39.145,-76.26
8571117,37.995,-76.0317
8574683,39.2617,-76.585
8575550,38.9583,-76.555
8574071,39.5367,-76.09
8574070,39.5367,-76.09
8574821,39.2083,-76.5333
8572669,38.9167,-75.945
8571214,38.0683,-76.0967
8571402,38.2267,-76.0767
8572467,38.8367,-76.3733
8570255,38.3417,-75.085
8577004,38.465,-76.4733
8572955,39.0317,-76.3017
8579542,38.655,-76.68333
8572770,38.9567,-76.355
8571559,38.3,-76.005
8571519,38.2967,-76.205
8571477,38.27,-75.9133
8577385,38.2717,-76.3967
8574857,39.1967,-76.445
8570435,38.265,-75.13
8570616,38.1883,-75.1917
8570819,38.1017,-75.2217
8570283,38.328267,-75.091086
8570280,38.3267,-75.0833
8570282,38.3317,-75.09
8570509,38.2033,-75.1633
8578240,38.133333,-76.533333
8578002,38.04,-76.3233
8574459,39.3883,-76.255
8572271,38.7583,-76.375
8574008,39.6033,-76.1133
8570649,38.1483,-75.285
8575787,38.8867,-76.54
8571266,38.0917,-75.8617
8571616,38.365,-75.6067
8571359,38.17833,-75.39667
8577330,38.317222,-76.450833
8570536,38.215,-75.1917
8572342,38.7867,-76.2217
8574931,39.1633,-76.5267
8571979,38.765,-76.3283
8573364,39.213306,-76.245
8573903,39.5033,-75.9167
8571773,38.48333,-75.81833
8571485,38.2683,-75.7883
8443662,42.395,-71.0767
8442417,42.54,-70.8867
8444162,42.3283,-70.8917
8443970,42.354801,-71.0534
8447259,41.745,-70.5933
8447191,41.77,-70.5617
8446009,42.0833,-70.6467
8447270,41.7417,-70.6167
8448533,41.41,-70.7117
8447685,41.605,-70.6517
8447435,41.688056,-69.950833
8447505,41.6667,-69.9667
8443725,42.3867,-71.0233
8449383,41.245,-69.9767
8448376,41.425,-70.9167
8446166,42.0383,-70.67
8448558,41.3883,-70.5117
8441771,42.6317,-70.7767
8447386,41.704306,-71.164111
8441841,42.61,-70.66
8447295,41.735,-70.6233
8447368,41.7117,-70.715
8447605,41.6317,-70.3
8441571,42.655,-70.6767
8443187,42.4583,-70.9433
8447385,41.705,-70.7617
8448875,41.3262,-70.5903
8447531,41.6567,-70.8133
8448725,41.354,-70.76783
8440369,42.825,-70.9883
8447819,41.56,-69.99
8447355,41.715,-70.6167
8449130,41.285278,-70.09639
8447712,41.5933,-70.9
8440466,42.815,-70.8733
8444525,42.28,-70.9533
8448208,41.4583,-70.555
8447277,41.7417,-70.6583
8448248,41.45,-70.9217
8447416,41.695,-70.72
8441241,42.710139,-70.78861
8440452,42.8167,-70.82
8446493,41.96,-70.6617
8446121,42.049592,-70.182158
8448251,41.4483,-70.8567
8440889,42.7633,-71.0767
8441551,42.6583,-70.615
8447842,41.5383,-70.9283
8447173,41.775,-70.535
8442645,42.5233,-70.8767
8440273,42.8383,-70.9083
8447180,41.7717,-70.5067
8447495,41.6683,-70.0567
8445138,42.2017,-70.7267
8447241,41.7517,-70.155
8447504,41.665,-70.1833
8447281,41.74,-71.1317
8449375,41.2383,-70.0783
8448151,41.47,-70.76
8448157,41.4583,-70.6
8444788,42.2483,-70.9667
8447930,41.523613,-70.671112
8447506,41.665,-70.065
8740175,30.4083,-88.4017
8747437,30.325,-89.325
8748469,30.3217,-89.4533
8748145,30.3333,-89.4167
8748318,30.3117,-89.435
8743639,30.4383,-88.845
8743301,30.43,-88.8
8743735,30.39,-88.8567
8744934,30.435,-89.0083
8744117,30.4117,-88.9033
8748005,30.3167,-89.4017
8745799,30.2317,-89.1167
8744391,30.46,-88.9383
8746737,30.36,-89.225
8747934,30.3517,-89.3883
8743812,30.3833,-88.8667
8746908,30.38,-89.2533
8741041,30.347778,-88.505833
8742947,30.44,-88.7267
8746487,30.3967,-89.2
8741414,30.44,-88.5567
8741798,30.3833,-88.61
8740166,30.413194,-88.402889
8742205,30.3617,-88.6633
8745557,30.36,-89.0817
8745101,30.4067,-89.0267
8746943,30.3417,-89.265
8747038,30.3583,-89.2733
8743081,30.3867,-88.7733
8742221,30.2383,-88.6667
8746724,30.3367,-89.225
8747739,30.3367,-89.3667
8748568,30.3917,-89.47
8748371,30.395,-89.4317
8744284,30.4183,-88.925
8741429,30.3667,-88.5633
8745555,30.4317,-89.0817
8743838,30.425,-88.87
8748087,30.375,-89.4067
8747131,30.3267,-89.2883
8747145,30.3117,-89.2867
8740965,30.3633,-88.5567
8747398,30.3733,-89.3217
8742523,30.3733,-88.705
8743495,30.42,-88.8283
8743281,30.3917,-88.7983
8743181,30.4217,-88.7883
8741533,30.36778,-88.56306
8741196,30.34,-88.5333
8746819,30.31,-89.245
8749704,30.24,-89.615
8740405,30.2033,-88.4417
8740448,30.3867,-88.44
8744671,30.4133,-88.975
8747961,30.3983,-89.385
8744756,30.2133,-88.9717
8744663,30.4417,-88.9733
8745375,30.4267,-89.0533
8747819,30.3283,-89.3733
8747766,30.2817,-89.3667
8422272,43.0933,-70.8633
8423635,43.09,-70.7633
8423005,43.1167,-70.8117
8422301,43.06,-70.8683
8420411,43.1983,-70.8683
8423898,43.071388,-70.710556
8537774,39.5117,-75.4933
8534638,39.385,-74.425
8534540,39.4233,-74.5
8530095,40.945,-73.9183
8530696,40.7517,-74.0967
8537614,39.46,-75.5317
8534720,39.356667,-74.418053
8531662,40.4183,-74.035
8538274,39.715,-75.36
8532339,40.1867,-74.0267
8537116,39.305,-75.2783
8533615,39.7617,-74.1117
8533141,39.9183,-74.11
8537363,39.3817,-75.4067
8534208,39.5483,-74.2567
8534048,39.6133,-74.21
8532716,40.0617,-74.0733
8532715,40.0617,-74.0617
8530591,40.7867,-74.1467
8532337,40.185,-74.0083
8530586,40.7933,-74.0917
8530464,40.8283,-74.08
8530502,40.8167,-74.0867
8536581,39.1283,-74.8917
8538552,39.85,-75.25
8536889,39.23,-75.0367
8535055,39.232498,-75.032799
8539494,40.1383,-74.7117
8536840,38.9867,-75.1117
8538921,40.0283,-74.9317
8538449,39.8067,-75.355
8534496,39.435,-74.3633
8539094,40.08,-74.873333
8535902,38.9467,-74.9133
8535901,38.9483,-74.8917
8536021,38.9467,-74.9717
8535962,38.93,-74.935
8536110,38.967778,-74.959722
8530528,40.8067,-74.06
8537101,39.2983,-75.2467
8533295,39.87,-74.155
8533941,39.6533,-74.2567
8535001,39.2467,-74.7183
8531223,40.4533,-74.2733
8538831,39.9783,-75.0133
8533055,39.9483,-74.115
8531630,40.4317,-74.085
8530985,40.655,-74.085
8537779,39.5133,-75.4467
8535101,39.215,-74.6483
8534212,39.5483,-74.4617
8530538,40.8033,-74.0333
8538231,39.6833,-75.51
8536736,39.1783,-74.8517
8536449,39.0833,-74.8867
8533982,39.6567,-74.27
8536999,39.2667,-75.095
8534739,39.3517,-74.54
8533665,39.745,-74.2017
8536823,39.2083,-74.9017
8536780,39.2,-75.02
8530403,40.8467,-74.12
8539487,40.1367,-74.7367
8536848,39.2167,-75.1583
8533780,39.7067,-74.1917
8532703,40.065,-74.135
8533391,39.825,-74.1733
8536931,39.2383,-75.175
8536915,39.2367,-75.1733
8530345,40.8683,-74.1117
8533005,39.9633,-74.115
8531925,40.3267,-74.0167
8534244,39.54,-74.3867
8534320,39.5083,-74.325
8534319,39.508301,-74.324997
8534975,39.2883,-74.6283
8534691,39.3683,-74.7167
8535445,39.1017,-74.7883
8534117,39.6117,-74.59
8537374,39.3833,-75.35
8530278,40.88,-74.04
8537753,39.505,-75.4833
8533631,39.7567,-74.1283
8531712,40.3967,-73.9817
8537026,39.275,-75.1417
8537667,39.4583,-75.495
8537103,39.3517,-75.2583
8535419,39.11,-74.7383
8533345,39.8517,-74.0883
8533535,39.7883,-74.0983
8535555,39.065,-74.8083
8530802,40.7167,-74.0317
8538086,39.62,-75.4533
8530772,40.7283,-74.1033
8531262,40.5083,-74.3117
8532835,40.0133,-74.1133
8531545,40.44,-74.1983
8534287,39.5217,-74.32
8531942,40.325,-73.9967
8531991,40.3033,-73.9767
8534044,39.6133,-74.2633
8534836,39.3083,-74.5333
8535451,39.1017,-74.755
8533738,39.725,-74.1367
8537731,39.4967,-75.5167
8536849,39.2167,-75.1033
8535221,39.1767,-74.71
8537535,39.4317,-75.4467
8534393,39.4783,-74.3833
8533909,39.6667,-74.215
8533935,39.6533,-74.185
8537242,39.3433,-75.0083
8532591,40.1017,-74.035
8532786,40.0367,-74.0533
8538438,39.795,-75.1767
8537147,39.3133,-74.985
8531526,40.4333,-74.2183
8537059,39.285,-74.9917
8534468,39.4483,-74.7283
8530576,40.7983,-74.05
8533905,39.665,-74.2317
8538055,39.61,-75.52
8537359,39.3917,-75.0417
8537052,39.285,-75.2383
8534256,39.535,-74.4633
8538414,39.7833,-75.4067
8531463,40.4883,-74.435
8534104,39.5917,-74.4417
8530186,40.935,-74.03
8537079,39.2917,-75.1983
8533862,39.675,-74.16
8538848,39.9983,-74.8183
8531369,40.4167,-74.3633
8530531,40.805,-74.0533
8535661,39.0283,-74.8017
8532885,39.9883,-74.0683
8531753,40.3767,-74.015
8535695,39.0183,-74.8417
8536831,39.2933,-75.1333
8533465,39.8083,-74.1883
8538853,39.9933,-75.0283
8534049,39.6167,-74.31
8538512,39.835,-75.2383
8538779,39.9617,-75.0983
8538369,39.7617,-75.4033
8537488,39.4217,-75.4283
8534657,39.3817,-74.5183
8530743,40.7317,-74.1167
8532585,40.105,-74.055
8538875,40.0133,-75.0083
8530882,40.6733,-74.14
8531142,40.555,-74.245
8537889,39.5483,-75.415
8537489,39.4217,-75.3817
8531077,40.5983,-74.2317
8531833,40.355,-74.065
8534469,39.4533,-74.4267
8530398,40.85,-74.03
8536855,39.2183,-74.98
8536801,39.2,-74.97
8532611,40.0967,-74.0867
8537979,39.5767,-75.4767
8531680,40.466944,-74.009444
8531390,40.4783,-74.3567
8531804,40.365,-73.975
8533071,39.9433,-74.035
8533135,39.9217,-74.0833
8532322,40.1917,-74.0383
8537121,39.305,-75.375
8532921,39.9967,-74.1483
8537589,39.4533,-75.455
8537961,39.57,-75.4983
8533185,39.905,-74.1333
8536687,39.1617,-74.8317
8531232,40.4917,-74.2817
8537416,39.4067,-75.405
8534779,39.3367,-74.595
8534780,39.3367,-74.5933
8534781,39.33,-74.5767
8534782,39.3283,-74.5767
8534778,39.335,-74.5967
8535357,39.12,-74.755
8535581,39.056702,-74.764999
8533365,39.845,-74.1517
8537562,39.4617,-75.4033
8535163,39.2,-74.6567
8538479,39.815,-75.0883
8535838,38.9783,-74.8367
8535805,38.98,-74.8633
8539808,40.1817,-74.705
8538886,40.01194,-75.043
8532721,40.0583,-74.1167
8533051,39.95,-74.1983
8535375,39.1217,-74.7167
8535309,39.1467,-74.75
8539993,40.1883,-74.755
8534884,39.2967,-74.75
8534885,39.2917,-74.75
8534883,39.295,-74.7483
8534139,39.5767,-74.3317
8534080,39.6017,-74.3417
8537353,39.3783,-75.235
8530645,40.765,-74.0183
8536551,39.1183,-74.8683
8537201,39.33,-75.2117
8536752,39.1833,-74.8217
8537689,39.485,-75.4933
8534002,39.625,-74.6417
8534772,39.335,-74.4767
8534770,39.335,-74.4767
8534773,39.3317,-74.42
8534774,39.29,-74.375
8536271,39.0183,-74.9533
8531592,40.4483,-74.1433
8534043,39.6183,-74.4967
8532371,40.1783,-74.0467
8533542,39.7917,-74.1817
8533541,39.7917,-74.1817
8536935,39.25,-75.1283
8536764,39.1883,-74.915
8533987,39.6317,-74.2967
8536851,39.2167,-74.925
8535726,39.005,-74.8267
8538601,39.8733,-75.1233
8535835,38.975,-74.8233
8538095,39.6283,-75.4817
8531156,40.545,-74.265
8538568,39.8583,-75.185
8538548,39.86,-75.1867
8518995,42.65,-73.7467
8516881,40.595,-73.7433
8516661,40.63,-73.67
8515102,40.7167,-73.24
8516299,40.9033,-73.55
8517137,40.5883,-73.82
8518934,41.5,-73.9833
8519483,40.6391,-74.146306
8517847,40.7033,-73.995
8514422,40.965,-73.0433
8516061,40.8733,-73.47
8517276,40.7833,-73.8567
8518902,40.8683,-73.9333
8518695,40.7467,-73.9683
8515786,40.9533,-73.4
8515186,40.6267,-73.26
8519024,40.6067,-74.055
8516614,40.8633,-73.655
8517921,40.665,-74.0133
8517811,40.59,-73.9983
8519436,40.5433,-74.14
8516155,40.6233,-73.5017
8511907,41.101,-72.36117
8516607,40.83461,-73.652417
8518924,41.2183,-73.9633
8518668,40.7767,-73.9417
8518621,40.8,-73.8733
8518951,41.7833,-73.95
8516945,40.810306,-73.765
8517756,40.5812,-73.9338
8510448,41.0733,-71.935
8515921,40.91,-73.4317
8516663,40.5963,-73.655083
8512668,41.015,-72.5617
8510321,41.0717,-71.8567
8510560,41.048333,-71.959444
8513388,40.7867,-72.75
8513398,40.764417,-72.755972
8518490,40.8933,-73.7817
8517201,40.645,-73.8367
8515586,40.9,-73.3533
8512987,40.9817,-72.645
8516891,40.635,-73.7467
8511671,41.1367,-72.3067
8516501,40.6333,-73.6167
8514322,40.75,-73
8511236,41.1717,-72.205
8516402,40.5939,-73.583972
8512451,40.85,-72.5033
8519200,40.645,-74.18
8514560,40.95,-73.0767
8518639,40.8017,-73.9067
8516761,40.8317,-73.7033
8518687,40.7583,-73.9583
8518643,40.8,-73.9283
8518905,40.9033,-73.9167
8519789,40.5567,-74.2233
8518091,40.9617,-73.6717
8511629,41.0033,-72.2967
8514779,40.64925,-73.15061
8512671,40.82,-72.5617
8512354,40.8367,-72.48
8512769,40.8186,-72.58661
8510719,41.2567,-72.03
8513825,40.7383,-72.8683
8512735,40.935,-72.5817
8518903,40.8783,-73.925
8518750,40.700556,-74.014167
8511171,41.035,-72.19
8518526,40.805,-73.795
8518962,42.014167,-73.939167
8519050,40.612,-74.059861
8517732,40.7067,-73.975
8517401,40.7867,-73.9217
8517125,40.7983,-73.8133
8516990,40.7933,-73.7817
8518699,40.7117,-73.9683
8517251,40.761,-73.850361
8656590,34.6933,-76.7117
8653960,35.3467,-75.5
8658901,33.88,-78.0017
8656483,34.72,-76.67
8656518,34.7117,-76.645
8659960,33.855,-78.5433
8659944,33.8883,-78.5517
8656612,34.6867,-76.5333
8654400,35.2233,-75.635
8656937,34.6083,-76.5283
8656841,34.6133,-76.5383
8655151,35.02,-76.31
8659942,33.8733,-78.5467
8656566,34.7,-76.7683
8656084,34.825,-76.69
8656201,34.79675,-76.455472
8651371,36.1817,-75.75
8651370,36.183306,-75.746694
8651817,36.055028,-76.68425
8658715,33.9617,-77.94
8656571,34.6983,-76.6817
8651538,36.138583,-76.10561
8656451,34.7283,-76.6683
8653901,35.3667,-75.9583
8656503,34.715,-76.5783
8652226,35.91,-75.5917
8652905,35.6983,-75.7733
8656539,34.7083,-76.62
8653305,35.565,-75.735
8652247,35.9033,-75.77
8652232,35.91,-75.67
8656502,34.72,-76.71083
8656306,34.7683,-76.6717
8658654,33.99,-77.9567
8656486,34.72,-76.755
8656225,34.7917,-76.6083
8659182,33.9017,-78.0817
8657419,34.4517,-77.495
8654572,35.1713,-75.8174
8652648,35.7767,-75.585
8652587,35.795,-75.54806
8658501,34.0567,-77.94
8652437,35.845,-75.655
8652715,35.7567,-75.5317
8653951,35.350139,-75.512028
8655353,34.97939,-76.163083
8658622,34.0033,-77.955
8658681,33.975,-77.945
8654875,35.08528,-76.6004
8652547,35.8117,-75.7
8653215,35.595,-75.4717
8655875,34.875,-76.3433
8659084,33.915,-78.0183
8656467,34.725,-76.8033
8658579,34.0233,-77.9467
8659898,33.8817,-78.51
8659897,33.865,-78.5067
8652678,35.7683,-75.5267
8654467,35.208639,-75.704167
8653365,35.545,-77.0617
8658559,34.0317,-77.8933
8658120,34.2275,-77.953611
8658163,34.213333,-77.786667
8658741,33.95,-77.9517
9439026,46.1717,-123.842
9439040,46.207306,-123.768306
9432373,43.12,-124.413
9439135,46.1817,-123.18
9432771,43.3417,-124.367
9436381,45.04794,-124.007306
9438772,46.12425,-123.8043
9432780,43.345,-124.322
9435992,44.88,-123.9636
9432436,43.157902,-124.181801
9434068,43.985,-124.045
9435827,44.81,-124.058
9437381,45.4817,-123.902
9434938,44.4133,-123.99
9434098,44.0021,-124.123
9439008,46.2067,-123.95
9437540,45.55453,-123.91894
9431011,42.421639,-124.41872
9433445,43.675,-124.192
9439011,46.2017,-123.945
9432796,43.3517,-124.192
9436031,44.8967,-124
9439069,46.1867,-123.588
9438125,45.8117,-122.827
9436641,45.161,-123.938
9437262,45.43,-123.945
9432895,43.41,-124.218
9437954,45.7338,-123.876404
9437585,45.57,-123.965
9431647,42.738972,-124.49828
9439221,45.51,-122.673
9433501,43.708,-124.098
9439189,45.6967,-122.868
9438478,46,-123.922
9432879,43.3767,-124.297
9435380,44.6254,-124.04494
9439201,45.8633,-122.7962
9435362,44.6167,-123.937
9434939,44.434361,-124.058083
9439099,46.161667,-123.40889
9435308,44.5933,-124.008
9435385,44.6267,-124.055
1630000,13.44339,144.656361
1840000,7.44667,151.847
1732417,-17.535,-149.572
1619000,16.7383,-169.53
1820000,8.7317,167.736115
1631428,13.428333,144.796944
1770000,-14.276667,-170.689444
1633227,15.2267,145.737
1619910,28.2117,-177.36
1910000,-18.1333,178.425
1890000,19.290556,166.6175
8546252,39.983333,-75.075
8540433,39.811667,-75.409444
8549424,40.1283,-74.8233
8548989,40.137306,-74.751889
8542699,39.88,-75.29
8545530,39.9533,-75.1383
8545534,39.9533,-75.1383
8545240,39.933333,-75.141667
8543111,39.8933,-75.2583
8543025,39.8867,-75.2567
8543024,39.8867,-75.265
8542885,39.8783,-75.2767
8542426,39.8767,-75.305
2627000,37.735,-25.6733
2630000,14.9083,-23.5083
8450948,41.6383,-71.2117
8453033,41.7517,-71.3517
8453999,41.4517,-71.4017
8459681,41.1633,-71.61
8459338,41.1733,-71.5567
8454341,41.46,-71.4283
8451552,41.6367,-71.255
8452154,41.6967,-71.2933
8453201,41.4633,-71.3617
8453465,41.5733,-71.3717
8452944,41.716667,-71.343333
8454578,41.665,-71.445
8455137,41.708,-71.2417
8450954,41.6183,-71.2033
8454658,41.4217,-71.455
8452555,41.58,-71.3217
8452660,41.504333,-71.326139
8453767,41.7617,-71.3883
8455083,41.3633,-71.49
8454000,41.807098,-71.401199
8454049,41.58694,-71.41
8453433,41.84,-71.3733
8451351,41.4867,-71.2383
8450898,41.6517,-71.21
8450768,41.465,-71.1933
8459479,41.2283,-71.58
8451301,41.5583,-71.2367
8459449,41.1483,-71.575
8453572,41.6667,-71.3783
8458694,41.305,-71.86
8458022,41.3283,-71.7617
8453742,41.4967,-71.3867
8455189,41.3817,-71.8317
8454538,41.5717,-71.445
9952000,-56.5083,-68.715
9962420,-27.15,-109.448
9963950,-33.0267,-71.625
8666749,32.6317,-80.4717
8661608,33.5317,-79.0533
8664662,32.91,-79.9517
8664531,32.9583,-80.2033
8668482,32.3467,-80.89
8668092,32.4133,-80.7
8667999,32.43,-80.675
8665567,32.7733,-79.8417
8661989,33.435,-79.1267
8664611,32.915,-79.7467
8669801,32.0817,-80.8783
8666359,32.6833,-80.7383
8666699,32.6467,-80.2567
8669103,32.23,-80.8617
8665552,32.7767,-79.8117
8669338,32.185,-80.7533
8668223,32.3867,-80.7767
8663858,33.04,-79.56
8661139,33.6467,-79.095
8664621,32.9133,-79.6167
8664561,32.9233,-79.8367
8664545,32.9267,-79.83
8668511,32.3417,-80.8567
8663101,33.025,-79.3483
8661529,33.5517,-79.0367
8667679,32.4933,-80.3267
8663461,33.1083,-79.3933
8663381,33.12,-79.27
8665530,32.780833,-79.923611
8668301,32.3733,-80.8367
8660265,33.835,-78.6333
8665763,32.7467,-80.165
8662299,33.3333,-79.1933
8667633,32.5025,-80.7841
8664688,32.9067,-79.935
8664945,32.86,-79.9383
8668619,32.3217,-80.7917
8666135,32.7033,-80.825
8667034,32.59,-80.63
8666659,32.6517,-80.6833
8660854,33.7133,-78.9217
8665101,32.835,-79.9867
8662216,33.37,-79.4333
8669691,32.1033,-80.895
8666799,32.6367,-80.3417
8668155,32.4017,-80.6533
8661582,33.5417,-79.0283
8665002,32.8483,-80.0517
8660148,33.8583,-78.57
8660147,33.86,-78.58
8660195,33.8517,-78.5883
8663757,33.0583,-79.9367
8667972,32.4467,-80.5333
8667630,32.5017,-80.2967
8667676,32.4933,-80.34
8665257,32.8133,-80.4067
8666017,32.715,-80.4367
8665641,32.7633,-80.0017
8667309,32.56,-80.4183
8667259,32.5683,-80.5533
8666652,32.6617,-79.945
8666653,32.6617,-79.945
8666467,32.67,-79.9167
8665728,32.7533,-79.8767
8663781,33.055,-79.88
8668498,32.34,-80.465
8661419,33.5783,-79.0033
8661437,33.575,-78.9967
8664022,33.0083,-79.9233
8662747,33.2233,-79.185
8661991,33.435,-79.1817
8665387,32.7867,-79.7917
8665167,32.8267,-79.7867
8664589,32.9183,-80.0117
8668146,32.4033,-80.4533
8665424,32.675,-79.9517
8666918,32.625,-80.1667
8660266,33.8367,-78.6067
8666167,32.7,-80.4267
8664782,32.885,-79.845
8665099,32.8367,-80.0217
8665494,32.7833,-79.785
8665737,32.7533,-80.45
8662405,33.305,-79.6783
8667982,32.44,-80.5533
8666101,32.7067,-80.1567
8668227,32.3917,-80.4383
8667062,32.6033,-80.1317
8666775,32.6367,-80.2017
8665475,32.7867,-80.105
8660098,33.87,-78.5733
8660121,33.87,-78.6083
8667411,32.5733,-80.745
8666131,32.7033,-80.2783
8661299,33.6083,-79.1517
8663618,33.0783,-79.46
8666283,32.6767,-80.0067
8662796,33.195,-79.275
8664442,32.9367,-79.655
8661734,33.495,-79.4617
8667209,32.5783,-80.4483
8660401,33.82,-78.7183
8661000,33.6833,-78.885
8662793,33.21,-79.385
8660166,33.855,-78.6483
8669262,32.2,-80.815
8664992,32.85,-79.7033
8660642,33.7667,-78.815
8664701,32.9,-79.9
8666282,32.6833,-80.0967
8661609,33.53,-79.0433
8661684,33.5117,-79.0683
8667281,32.5617,-80.2383
8664878,32.87,-79.6867
8667783,32.4767,-80.42
8662245,33.3517,-79.1867
8662071,33.4117,-79.135
8662006,33.4317,-79.1167
8665599,32.7683,-80.07
8667425,32.54,-80.34
8663539,33.095,-79.9533
8669601,32.1217,-80.8983
8667067,32.6033,-80.3883
8662670,33.245,-79.5217
8667178,32.585,-80.2283
8669167,32.22,-80.6683
8664801,32.8817,-79.6583
8668701,32.3033,-81.1217
8663535,33.095,-79.8083
8668918,32.2667,-80.7367
8663665,33.0767,-79.855
8663219,33.1467,-79.3233
8667909,32.45,-80.7317
8667733,32.4833,-80.6
8665589,32.77,-80.0633
8661119,33.6017,-79.1183
8661703,33.5067,-79.145
8667623,32.5017,-80.3183
8667524,32.5233,-80.4067
8666102,32.7067,-79.9367
8667172,32.5833,-80.7833
8665426,32.7933,-79.8817
8669133,32.2233,-80.7717
8661559,33.545,-79.045
8666767,32.64,-80.015
8664515,32.9483,-79.9317
8660983,33.6867,-79.005
8665495,32.7833,-79.9567
8664941,32.8567,-79.7067
8665111,32.8333,-79.7267
8666616,32.6567,-80.3917
8662549,33.2517,-79.2683
8661070,33.655,-78.918306
8668601,32.325,-80.6017
8667075,32.6033,-80.2867
8665637,32.7633,-79.8567
8666433,32.6683,-80.2933
8669415,32.165,-81.13
8662799,33.185,-79.4067
8662931,33.3667,-79.255
8661347,33.5967,-79.0983
8665192,32.8217,-79.9
8667074,32.6017,-80.5417
8666367,32.6817,-80.4167
8667199,32.5783,-80.67
8662953,33.415,-79.25
8661593,33.535,-79.3883
8662746,33.235,-79.2033
8661093,33.66,-79.155
8664541,32.925,-79.9867
8666217,32.695,-80.2233
8771801,29.1667,-95.125
8770501,29.8183,-95.0783
8775083,27.90806,-97.13528
8774230,28.2283,-96.794998
8775241,27.836599,-97.039101
8776604,27.297,-97.405167
8770743,29.7567,-95.09
8775870,27.580833,-97.216389
8779977,25.9517,-97.4017
8779571,26.14,-97.1667
8772132,29.0417,-95.175
8770933,29.5633,-95.0667
8774513,28.114,-97.0244
8775351,27.7933,-97.39
8770653,29.846694,-95.088306
8771013,29.48,-94.918306
8777562,26.9417,-97.4583
8772479,28.930306,-95.305861
8772471,28.935699,-95.294197
8772447,28.943306,-95.3025
8772440,28.9483,-95.3083
8771341,29.3573,-94.7248
8771416,29.3267,-94.6933
8771904,29.1233,-94.5083
8771450,29.31,-94.793306
8771510,29.2853,-94.7894
8771486,29.302583,-94.897083
8779040,26.3617,-97.3183
8770808,29.59472,-94.39028
8770733,29.764861,-95.078861
8770777,29.726222,-95.265778
8773767,28.426901,-96.330101
8773146,28.71006,-95.914
8770613,29.681694,-94.985
8775421,27.705,-97.28
8773963,28.3333,-96.4617
8775244,27.83275,-97.485944
8770597,30.0983,-93.7217
8775792,27.633306,-97.236694
8779751,26.0683,-97.1517
8773156,28.6933,-96.225
8775238,27.8383,-97.0517
8775270,27.8267,-97.05
8775237,27.839701,-97.072502
8770475,29.867083,-93.931
8771328,29.365,-94.78
8775283,27.8217,-97.2033
8779770,26.061167,-97.215528
8773259,28.6406,-96.609802
8778490,26.557639,-97.425722
8773701,28.445861,-96.395556
8779724,26.0783,-97.17
8770520,29.98,-93.881699
8779280,26.2625,-97.285278
8777812,26.825,-97.491694
8774770,28.0217,-97.0467
8770971,29.515556,-94.510556
8776139,27.484361,-97.318111
8771081,29.4983,-93.64
8770570,29.7284,-93.8701
8770590,29.705,-93.8533
8771972,29.095,-95.113306
8772985,28.771417,-95.617167
8773037,28.4069,-96.712402
8779768,26.0517,-97.1817
8779753,26.0683,-97.15
8779748,26.072472,-97.166861
8779750,26.0683,-97.1567
8779749,26.0675,-97.154722
8770822,29.689389,-93.841917
8771021,29.515,-94.8483
8770625,29.68,-94.8683
8775296,27.811694,-97.39
8779739,26.0717,-97.1917
8776687,27.1667,-97.4333
8639519,36.71,-76.2683
8638923,36.9017,-76.0617
8638421,37.0567,-76.6683
8632366,37.2633,-76.02
8638999,36.93,-76.006694
8638942,36.905,-76.0367
8638946,36.9033,-76.0467
8638978,36.8683,-76.005
8638901,37.032902,-76.083298
8638866,36.9667,-76.1133
8638865,36.9667,-76.1133
8638863,36.9667,-76.1133
8638979,36.905,-75.6967
8638491,37.3833,-77.3783
8630308,37.9067,-75.405
8630249,37.9317,-75.3833
8638449,37.2317,-76.9483
8635150,38.2517,-76.96
8635027,38.31975,-77.036611
8639414,36.755,-76.2933
8631935,37.087806,-75.547306
8638864,36.9667,-76.1133
8636749,37.5417,-76.3333
8636128,37.8133,-76.275
8638017,37.1382,-76.62275
8632869,37.5567,-75.9167
8637624,37.2467,-76.5
8630316,37.9033,-75.4067
8633091,37.6667,-75.8333
8638481,37.3133,-77.27
8637712,37.2201,-76.791417
8630111,37.9817,-75.3017
8638476,37.3133,-77.2233
8638424,37.22,-76.6633
8632201,37.1667,-75.9883
8632200,37.16519,-75.988444
8638671,36.8842,-76.275858
8638445,37.4033,-76.9117
8636653,37.5833,-76.99
8635750,37.995278,-76.464722
8638916,36.9033,-76.07
8638905,36.9167,-76.0783
8639348,36.778306,-76.301694
8639908,36.5767,-76.0383
8636654,37.5833,-76.4183
8637590,37.2567,-76.2217
8637289,37.3467,-76.2733
8637589,37.2567,-76.2217
8631591,37.2883,-75.925
8638660,36.8217,-76.2933
8638489,37.2667,-77.3717
8635257,38.2133,-77.2433
8632837,37.538333,-76.015
8636941,37.4596,-77.4208
8638495,37.525,-77.42
8639214,36.825,-75.975
8639207,36.8317,-75.9733
8631542,37.3017,-75.7783
8639428,36.6917,-75.92
8633777,37.9217,-75.7283
8633362,37.7633,-75.7733
8638433,37.185,-76.7833
8638610,36.946701,-76.330002
8639219,36.825,-75.9817
8633532,37.8283,-75.9933
8638450,37.24,-76.9433
8638888,36.9067,-76.09
8631044,37.607778,-75.685833
8630441,37.8417,-75.4783
8635985,37.8733,-76.7833
8638868,36.9667,-76.1133
8638869,36.9667,-76.1133
8638339,36.8232,-76.3991
8638464,37.315,-77.0983
8636581,37.615,-76.3017
8636580,37.616111,-76.29
8637722,37.21,-76.2533
8637689,37.2265,-76.478806
9441187,46.9683,-123.853
9446281,47.3833,-122.823
9440571,46.265,-123.653
9448794,48.5183,-122.62
9446491,47.28,-122.652
9449932,48.535,-122.797
9445133,47.7483,-122.727
9440483,46.152,-123.0392
9446742,47.1567,-123.008
9440846,46.6233,-123.945
9440079,45.6203,-122.0203
9449211,48.745,-122.495
9449679,48.9917,-122.765
9448614,48.415,-122.652
9445958,47.5617,-122.623
9445832,47.6517,-122.615
9446807,47.0983,-122.895
9440581,46.299999,-124.0
9440482,46.1517,-123.29
9440521,46.2017,-123.385
9449424,48.8633,-122.758
9445938,47.5733,-122.543
9443826,48.1617,-123.725
9449712,48.7567,-122.897
9444122,48.14,-123.413
9447427,47.8133,-122.383
9447659,47.98,-122.223
9449896,48.4633,-122.967
9445016,47.9267,-122.617
9449880,48.545306,-123.012889
9447883,48.105,-122.57
9446451,47.3017,-122.682
9440650,46.372,-123.9503
9449828,48.5817,-123.17
9445526,47.9183,-122.545
9447855,48.0267,-122.535
9446500,47.275,-122.758
9440572,46.2683,-124.037
9443551,48.1872,-124.0625
9449808,48.6667,-123.163
9440372,46.0167,-122.855
9449856,48.485,-123.083
9448094,48.1367,-122.367
9440171,45.7417,-122.755
9440575,46.2683,-123.827
9448558,48.3917,-122.497
9442396,47.913,-124.63694
9447114,47.585,-122.36
9447111,47.585,-122.36
9447113,47.585,-122.36
9447110,47.585,-122.362
9447115,47.58,-122.357
9447112,47.585,-122.36
9445088,47.815,-122.657
9440422,46.106139,-122.954194
9445441,47.4183,-122.9
9448233,48.2117,-122.537
9442861,48.2967,-124.672
9447729,48.04,-122.168
9447973,48.3428,-122.6858
9443090,48.370278,-124.601944
9440574,46.2733,-124.072
9446969,47.06,-122.903
9441156,46.95,-124.128
9449995,48.4217,-122.812
9449747,48.675,-123.04
9449639,48.975,-123.083
9444090,48.125,-123.440002
9444900,48.1129,-122.7595
9445719,47.725,-122.638
9447717,48.03494,-122.227194
9445272,47.8,-122.858
9449982,48.4467,-122.9
9449771,48.6467,-122.87
9447239,47.6883,-122.258
9446804,47.153,-122.675102
9449292,48.79,-122.708
9445296,47.6417,-122.828
9447130,47.601944,-122.339167
9443361,48.2633,-124.297
9440569,46.270306,-123.4565
9448576,48.4,-122.548
9440875,46.6633,-123.798
9448009,48.08825,-122.3223
9448682,48.4583,-122.513
9446545,47.255,-122.432
9446484,47.27,-122.413
9441644,47.34817,-124.28475
9449988,48.4433,-122.805
9440357,45.987,-122.837
9440910,46.7075,-123.966944
9442705,48.171,-124.7369
9447773,48.065,-122.288
9448043,48.106806,-122.34728
9448657,48.445,-122.555
9445478,47.3583,-123.098
9449911,48.5717,-122.885
9440083,45.631694,-122.697
9449161,48.7167,-122.708
9449746,48.686798,-123.0376
9440047,45.5783,-122.382
9446291,47.3783,-122.634003
9441102,46.90431,-124.105083
9445246,47.7617,-122.85
9448601,48.4133,-122.615
9446705,47.18,-122.675
