Date,Day,Time,Pred(Ft),Pred(cm),High/Low
01/01/20,Wed,03:13,8.37,255,H
01/01/20,Wed,09:08,1.54,47,L
01/01/20,Wed,15:19,8.64,263,H
01/01/20,Wed,21:38,0.89,27,L
01/02/20,Thu,04:00,8.3,253,H
01/02/20,Thu,10:01,1.67,51,L
01/02/20,Thu,16:11,8.27,252,H
01/02/20,Thu,22:24,1.17,36,L
01/03/20,Fri,04:49,8.31,253,H
01/03/20,Fri,10:55,1.71,52,L
01/03/20,Fri,17:06,7.98,243,H
01/03/20,Fri,23:12,1.39,42,L
01/04/20,Sat,05:38,8.4,256,H
01/04/20,Sat,11:52,1.62,49,L
01/04/20,Sat,18:02,7.81,238,H
01/05/20,Sun,00:03,1.52,46,L
01/05/20,Sun,06:28,8.58,262,H
01/05/20,Sun,12:49,1.38,42,L
01/05/20,Sun,19:00,7.8,238,H
01/06/20,Mon,00:55,1.53,47,L
01/06/20,Mon,07:18,8.86,270,H
01/06/20,Mon,13:43,1,30,L
01/06/20,Mon,19:54,7.94,242,H
01/07/20,Tue,01:45,1.4,43,L
01/07/20,Tue,08:05,9.22,281,H
01/07/20,Tue,14:31,0.54,16,L
01/07/20,Tue,20:44,8.18,249,H
01/08/20,Wed,02:32,1.15,35,L
01/08/20,Wed,08:50,9.64,294,H
01/08/20,Wed,15:16,0.05,2,L
01/08/20,Wed,21:30,8.47,258,H
01/09/20,Thu,03:17,0.83,25,L
01/09/20,Thu,09:34,10.08,307,H
01/09/20,Thu,16:00,-0.41,-12,L
01/09/20,Thu,22:15,8.78,268,H
01/10/20,Fri,04:02,0.48,15,L
01/10/20,Fri,10:18,10.48,319,H
01/10/20,Fri,16:45,-0.82,-25,L
01/10/20,Fri,23:00,9.09,277,H
01/11/20,Sat,04:48,0.16,5,L
01/11/20,Sat,11:04,10.8,329,H
01/11/20,Sat,17:30,-1.14,-35,L
01/11/20,Sat,23:45,9.36,285,H
01/12/20,Sun,05:36,-0.1,-3,L
01/12/20,Sun,11:51,10.99,335,H
01/12/20,Sun,18:16,-1.32,-40,L
01/13/20,Mon,00:31,9.59,292,H
01/13/20,Mon,06:24,-0.27,-8,L
01/13/20,Mon,12:39,11.01,336,H
01/13/20,Mon,19:03,-1.36,-41,L
01/14/20,Tue,01:18,9.75,297,H
01/14/20,Tue,07:16,-0.32,-10,L
01/14/20,Tue,13:30,10.81,329,H
01/14/20,Tue,19:52,-1.23,-37,L
01/15/20,Wed,02:09,9.84,300,H
01/15/20,Wed,08:10,-0.26,-8,L
01/15/20,Wed,14:24,10.44,318,H
01/15/20,Wed,20:44,-0.95,-29,L
01/16/20,Thu,03:04,9.87,301,H
01/16/20,Thu,09:09,-0.14,-4,L
01/16/20,Thu,15:24,9.96,304,H
01/16/20,Thu,21:39,-0.58,-18,L
01/17/20,Fri,04:01,9.87,301,H
01/17/20,Fri,10:12,-0.02,-1,L
01/17/20,Fri,16:27,9.46,288,H
01/17/20,Fri,22:37,-0.16,-5,L
01/18/20,Sat,05:00,9.85,300,H
01/18/20,Sat,11:17,0.06,2,L
01/18/20,Sat,17:33,9.04,276,H
01/18/20,Sat,23:37,0.23,7,L
01/19/20,Sun,06:02,9.85,300,H
01/19/20,Sun,12:26,0.03,1,L
01/19/20,Sun,18:41,8.78,268,H
01/20/20,Mon,00:41,0.51,16,L
01/20/20,Mon,07:04,9.9,302,H
01/20/20,Mon,13:33,-0.12,-4,L
01/20/20,Mon,19:47,8.71,265,H
01/21/20,Tue,01:44,0.62,19,L
01/21/20,Tue,08:03,10.01,305,H
01/21/20,Tue,14:33,-0.34,-10,L
01/21/20,Tue,20:47,8.77,267,H
01/22/20,Wed,02:41,0.6,18,L
01/22/20,Wed,08:58,10.13,309,H
01/22/20,Wed,15:27,-0.52,-16,L
01/22/20,Wed,21:40,8.86,270,H
01/23/20,Thu,03:33,0.54,16,L
01/23/20,Thu,09:48,10.21,311,H
01/23/20,Thu,16:16,-0.61,-19,L
01/23/20,Thu,22:29,8.94,272,H
01/24/20,Fri,04:21,0.49,15,L
01/24/20,Fri,10:35,10.22,312,H
01/24/20,Fri,17:01,-0.6,-18,L
01/24/20,Fri,23:14,8.97,273,H
01/25/20,Sat,05:05,0.48,15,L
01/25/20,Sat,11:19,10.15,309,H
01/25/20,Sat,17:43,-0.51,-16,L
01/25/20,Sat,23:55,8.95,273,H
01/26/20,Sun,05:47,0.53,16,L
01/26/20,Sun,12:00,9.99,304,H
01/26/20,Sun,18:21,-0.34,-10,L
01/27/20,Mon,00:34,8.9,271,H
01/27/20,Mon,06:26,0.62,19,L
01/27/20,Mon,12:38,9.76,297,H
01/27/20,Mon,18:58,-0.12,-4,L
01/28/20,Tue,01:11,8.82,269,H
01/28/20,Tue,07:06,0.76,23,L
01/28/20,Tue,13:17,9.44,288,H
01/28/20,Tue,19:34,0.15,5,L
01/29/20,Wed,01:49,8.73,266,H
01/29/20,Wed,07:46,0.92,28,L
01/29/20,Wed,13:57,9.07,276,H
01/29/20,Wed,20:11,0.45,14,L
01/30/20,Thu,02:28,8.64,263,H
01/30/20,Thu,08:29,1.1,34,L
01/30/20,Thu,14:39,8.66,264,H
01/30/20,Thu,20:50,0.77,23,L
01/31/20,Fri,03:09,8.55,261,H
01/31/20,Fri,09:15,1.25,38,L
01/31/20,Fri,15:25,8.26,252,H
01/31/20,Fri,21:32,1.09,33,L
02/01/20,Sat,03:52,8.48,258,H
02/01/20,Sat,10:04,1.37,42,L
02/01/20,Sat,16:15,7.91,241,H
02/01/20,Sat,22:18,1.38,42,L
02/02/20,Sun,04:39,8.46,258,H
02/02/20,Sun,10:57,1.4,43,L
02/02/20,Sun,17:10,7.65,233,H
02/02/20,Sun,23:07,1.6,49,L
02/03/20,Mon,05:30,8.51,259,H
02/03/20,Mon,11:54,1.32,40,L
02/03/20,Mon,18:09,7.54,230,H
02/04/20,Tue,00:02,1.67,51,L
02/04/20,Tue,06:25,8.7,265,H
02/04/20,Tue,12:54,1.06,32,L
02/04/20,Tue,19:10,7.65,233,H
02/05/20,Wed,01:00,1.54,47,L
02/05/20,Wed,07:21,9.05,276,H
02/05/20,Wed,13:52,0.62,19,L
02/05/20,Wed,20:07,7.96,243,H
02/06/20,Thu,01:56,1.19,36,L
02/06/20,Thu,08:15,9.56,291,H
02/06/20,Thu,14:44,0.06,2,L
02/06/20,Thu,20:59,8.4,256,H
02/07/20,Fri,02:48,0.7,21,L
02/07/20,Fri,09:06,10.12,308,H
02/07/20,Fri,15:33,-0.53,-16,L
02/07/20,Fri,21:47,8.9,271,H
02/08/20,Sat,03:38,0.16,5,L
02/08/20,Sat,09:56,10.66,325,H
02/08/20,Sat,16:21,-1.06,-32,L
02/08/20,Sat,22:35,9.42,287,H
02/09/20,Sun,04:28,-0.36,-11,L
02/09/20,Sun,10:45,11.09,338,H
02/09/20,Sun,17:08,-1.48,-45,L
02/09/20,Sun,23:22,9.89,301,H
02/10/20,Mon,05:18,-0.78,-24,L
02/10/20,Mon,11:35,11.32,345,H
02/10/20,Mon,17:55,-1.72,-52,L
02/11/20,Tue,00:09,10.28,313,H
02/11/20,Tue,06:09,-1.05,-32,L
02/11/20,Tue,12:24,11.32,345,H
02/11/20,Tue,18:42,-1.74,-53,L
02/12/20,Wed,00:57,10.51,320,H
02/12/20,Wed,07:00,-1.14,-35,L
02/12/20,Wed,13:15,11.05,337,H
02/12/20,Wed,19:30,-1.52,-46,L
02/13/20,Thu,01:46,10.56,322,H
02/13/20,Thu,07:54,-1.03,-31,L
02/13/20,Thu,14:09,10.56,322,H
02/13/20,Thu,20:21,-1.09,-33,L
02/14/20,Fri,02:39,10.45,319,H
02/14/20,Fri,08:51,-0.77,-23,L
02/14/20,Fri,15:07,9.95,303,H
02/14/20,Fri,21:15,-0.53,-16,L
02/15/20,Sat,03:35,10.22,312,H
02/15/20,Sat,09:53,-0.43,-13,L
02/15/20,Sat,16:10,9.31,284,H
02/15/20,Sat,22:13,0.08,2,L
02/16/20,Sun,04:35,9.92,302,H
02/16/20,Sun,10:58,-0.1,-3,L
02/16/20,Sun,17:16,8.78,268,H
02/16/20,Sun,23:15,0.61,19,L
02/17/20,Mon,05:38,9.65,294,H
02/17/20,Mon,12:07,0.12,4,L
02/17/20,Mon,18:25,8.44,257,H
02/18/20,Tue,00:22,0.97,30,L
02/18/20,Tue,06:45,9.5,290,H
02/18/20,Tue,13:17,0.17,5,L
02/18/20,Tue,19:33,8.36,255,H
02/19/20,Wed,01:30,1.06,32,L
02/19/20,Wed,07:49,9.51,290,H
02/19/20,Wed,14:20,0.06,2,L
02/19/20,Wed,20:34,8.46,258,H
02/20/20,Thu,02:30,0.96,29,L
02/20/20,Thu,08:46,9.63,294,H
02/20/20,Thu,15:14,-0.08,-2,L
02/20/20,Thu,21:26,8.63,263,H
02/21/20,Fri,03:22,0.78,24,L
02/21/20,Fri,09:36,9.75,297,H
02/21/20,Fri,16:01,-0.19,-6,L
02/21/20,Fri,22:13,8.8,268,H
02/22/20,Sat,04:08,0.61,19,L
02/22/20,Sat,10:22,9.83,300,H
02/22/20,Sat,16:44,-0.24,-7,L
02/22/20,Sat,22:55,8.94,272,H
02/23/20,Sun,04:50,0.48,15,L
02/23/20,Sun,11:03,9.84,300,H
02/23/20,Sun,17:22,-0.21,-6,L
02/23/20,Sun,23:33,9.04,276,H
02/24/20,Mon,05:29,0.41,12,L
02/24/20,Mon,11:41,9.76,297,H
02/24/20,Mon,17:56,-0.12,-4,L
02/25/20,Tue,00:07,9.1,277,H
02/25/20,Tue,06:05,0.4,12,L
02/25/20,Tue,12:16,9.6,293,H
02/25/20,Tue,18:28,0.04,1,L
02/26/20,Wed,00:40,9.11,278,H
02/26/20,Wed,06:40,0.44,13,L
02/26/20,Wed,12:51,9.36,285,H
02/26/20,Wed,19:00,0.25,8,L
02/27/20,Thu,01:13,9.08,277,H
02/27/20,Thu,07:16,0.53,16,L
02/27/20,Thu,13:27,9.05,276,H
02/27/20,Thu,19:33,0.51,16,L
02/28/20,Fri,01:46,9,274,H
02/28/20,Fri,07:54,0.66,20,L
02/28/20,Fri,14:05,8.69,265,H
02/28/20,Fri,20:09,0.81,25,L
02/29/20,Sat,02:22,8.89,271,H
02/29/20,Sat,08:35,0.82,25,L
02/29/20,Sat,14:47,8.32,254,H
02/29/20,Sat,20:48,1.13,34,L
03/01/20,Sun,03:02,8.77,267,H
03/01/20,Sun,09:21,0.98,30,L
03/01/20,Sun,15:34,7.98,243,H
03/01/20,Sun,21:33,1.42,43,L
03/02/20,Mon,03:48,8.68,265,H
03/02/20,Mon,10:11,1.1,34,L
03/02/20,Mon,16:26,7.71,235,H
03/02/20,Mon,22:23,1.63,50,L
03/03/20,Tue,04:40,8.65,264,H
03/03/20,Tue,11:08,1.12,34,L
03/03/20,Tue,17:24,7.59,231,H
03/03/20,Tue,23:19,1.71,52,L
03/04/20,Wed,05:38,8.76,267,H
03/04/20,Wed,12:10,0.98,30,L
03/04/20,Wed,18:28,7.68,234,H
03/05/20,Thu,00:20,1.56,48,L
03/05/20,Thu,06:41,9.06,276,H
03/05/20,Thu,13:14,0.61,19,L
03/05/20,Thu,19:31,8.04,245,H
03/06/20,Fri,01:24,1.15,35,L
03/06/20,Fri,07:43,9.57,292,H
03/06/20,Fri,14:12,0.04,1,L
03/06/20,Fri,20:28,8.61,262,H
03/07/20,Sat,02:22,0.53,16,L
03/07/20,Sat,08:40,10.19,311,H
03/07/20,Sat,15:05,-0.59,-18,L
03/07/20,Sat,21:20,9.29,283,H
03/08/20,Sun,04:17,-0.17,-5,L
03/08/20,Sun,10:34,10.77,328,H
03/08/20,Sun,16:55,-1.16,-35,L
03/08/20,Sun,23:09,9.97,304,H
03/09/20,Mon,05:09,-0.83,-25,L
03/09/20,Mon,11:26,11.2,341,H
03/09/20,Mon,17:43,-1.58,-48,L
03/09/20,Mon,23:57,10.56,322,H
03/10/20,Tue,06:00,-1.35,-41,L
03/10/20,Tue,12:17,11.42,348,H
03/10/20,Tue,18:31,-1.79,-55,L
03/11/20,Wed,00:45,11,335,H
03/11/20,Wed,06:52,-1.67,-51,L
03/11/20,Wed,13:08,11.37,347,H
03/11/20,Wed,19:18,-1.72,-52,L
03/12/20,Thu,01:32,11.2,341,H
03/12/20,Thu,07:43,-1.74,-53,L
03/12/20,Thu,13:59,11.05,337,H
03/12/20,Thu,20:07,-1.4,-43,L
03/13/20,Fri,02:21,11.15,340,H
03/13/20,Fri,08:36,-1.54,-47,L
03/13/20,Fri,14:52,10.51,320,H
03/13/20,Fri,20:57,-0.86,-26,L
03/14/20,Sat,03:13,10.85,331,H
03/14/20,Sat,09:32,-1.13,-34,L
03/14/20,Sat,15:50,9.85,300,H
03/14/20,Sat,21:51,-0.19,-6,L
03/15/20,Sun,04:09,10.39,317,H
03/15/20,Sun,10:33,-0.61,-19,L
03/15/20,Sun,16:52,9.19,280,H
03/15/20,Sun,22:50,0.47,14,L
03/16/20,Mon,05:10,9.88,301,H
03/16/20,Mon,11:37,-0.09,-3,L
03/16/20,Mon,17:58,8.66,264,H
03/16/20,Mon,23:54,1.02,31,L
03/17/20,Tue,06:15,9.44,288,H
03/17/20,Tue,12:46,0.31,9,L
03/17/20,Tue,19:07,8.33,254,H
03/18/20,Wed,01:03,1.35,41,L
03/18/20,Wed,07:23,9.17,280,H
03/18/20,Wed,13:56,0.49,15,L
03/18/20,Wed,20:14,8.27,252,H
03/19/20,Thu,02:13,1.39,42,L
03/19/20,Thu,08:29,9.13,278,H
03/19/20,Thu,14:59,0.46,14,L
03/19/20,Thu,21:14,8.42,257,H
03/20/20,Fri,03:14,1.21,37,L
03/20/20,Fri,09:27,9.24,282,H
03/20/20,Fri,15:52,0.34,10,L
03/20/20,Fri,22:05,8.65,264,H
03/21/20,Sat,04:05,0.94,29,L
03/21/20,Sat,10:17,9.39,286,H
03/21/20,Sat,16:38,0.23,7,L
03/21/20,Sat,22:49,8.9,271,H
03/22/20,Sun,04:50,0.68,21,L
03/22/20,Sun,11:01,9.5,290,H
03/22/20,Sun,17:18,0.16,5,L
03/22/20,Sun,23:28,9.12,278,H
03/23/20,Mon,05:30,0.47,14,L
03/23/20,Mon,11:41,9.54,291,H
03/23/20,Mon,17:53,0.17,5,L
03/24/20,Tue,00:04,9.29,283,H
03/24/20,Tue,06:07,0.32,10,L
03/24/20,Tue,12:18,9.5,290,H
03/24/20,Tue,18:26,0.23,7,L
03/25/20,Wed,00:37,9.4,287,H
03/25/20,Wed,06:42,0.23,7,L
03/25/20,Wed,12:53,9.39,286,H
03/25/20,Wed,18:56,0.36,11,L
03/26/20,Thu,01:08,9.44,288,H
03/26/20,Thu,07:15,0.21,6,L
03/26/20,Thu,13:27,9.21,281,H
03/26/20,Thu,19:27,0.54,16,L
03/27/20,Fri,01:38,9.43,287,H
03/27/20,Fri,07:49,0.25,8,L
03/27/20,Fri,14:02,8.97,273,H
03/27/20,Fri,19:59,0.76,23,L
03/28/20,Sat,02:10,9.36,285,H
03/28/20,Sat,08:25,0.34,10,L
03/28/20,Sat,14:38,8.69,265,H
03/28/20,Sat,20:34,1.01,31,L
03/29/20,Sun,02:44,9.26,282,H
03/29/20,Sun,09:04,0.48,15,L
03/29/20,Sun,15:17,8.39,256,H
03/29/20,Sun,21:13,1.27,39,L
03/30/20,Mon,03:23,9.13,278,H
03/30/20,Mon,09:48,0.64,20,L
03/30/20,Mon,16:02,8.12,247,H
03/30/20,Mon,21:58,1.5,46,L
03/31/20,Tue,04:10,9.02,275,H
03/31/20,Tue,10:38,0.78,24,L
03/31/20,Tue,16:54,7.93,242,H
03/31/20,Tue,22:50,1.65,50,L
04/01/20,Wed,05:03,8.96,273,H
04/01/20,Wed,11:34,0.85,26,L
04/01/20,Wed,17:52,7.87,240,H
04/01/20,Wed,23:47,1.66,51,L
04/02/20,Thu,06:03,9.02,275,H
04/02/20,Thu,12:35,0.76,23,L
04/02/20,Thu,18:55,8.03,245,H
04/03/20,Fri,00:50,1.47,45,L
04/03/20,Fri,07:09,9.24,282,H
04/03/20,Fri,13:39,0.47,14,L
04/03/20,Fri,19:59,8.45,258,H
04/04/20,Sat,01:57,1.02,31,L
04/04/20,Sat,08:15,9.66,294,H
04/04/20,Sat,14:41,-0.01,0,L
04/04/20,Sat,20:58,9.1,277,H
04/05/20,Sun,02:59,0.34,10,L
04/05/20,Sun,09:16,10.2,311,H
04/05/20,Sun,15:36,-0.57,-17,L
04/05/20,Sun,21:52,9.85,300,H
04/06/20,Mon,03:56,-0.43,-13,L
04/06/20,Mon,10:12,10.7,326,H
04/06/20,Mon,16:27,-1.06,-32,L
04/06/20,Mon,22:42,10.58,322,H
04/07/20,Tue,04:50,-1.14,-35,L
04/07/20,Tue,11:06,11.05,337,H
04/07/20,Tue,17:17,-1.38,-42,L
04/07/20,Tue,23:31,11.17,340,H
04/08/20,Wed,05:43,-1.67,-51,L
04/08/20,Wed,11:59,11.19,341,H
04/08/20,Wed,18:05,-1.47,-45,L
04/09/20,Thu,00:20,11.54,352,H
04/09/20,Thu,06:34,-1.95,-59,L
04/09/20,Thu,12:51,11.1,338,H
04/09/20,Thu,18:54,-1.31,-40,L
04/10/20,Fri,01:08,11.63,354,H
04/10/20,Fri,07:26,-1.95,-59,L
04/10/20,Fri,13:42,10.78,329,H
04/10/20,Fri,19:43,-0.93,-28,L
04/11/20,Sat,01:57,11.43,348,H
04/11/20,Sat,08:18,-1.67,-51,L
04/11/20,Sat,14:36,10.28,313,H
04/11/20,Sat,20:34,-0.37,-11,L
04/12/20,Sun,02:48,10.99,335,H
04/12/20,Sun,09:13,-1.16,-35,L
04/12/20,Sun,15:32,9.68,295,H
04/12/20,Sun,21:28,0.27,8,L
04/13/20,Mon,03:44,10.41,317,H
04/13/20,Mon,10:12,-0.55,-17,L
04/13/20,Mon,16:33,9.11,278,H
04/13/20,Mon,22:28,0.88,27,L
04/14/20,Tue,04:45,9.8,299,H
04/14/20,Tue,11:15,0.04,1,L
04/14/20,Tue,17:37,8.66,264,H
04/14/20,Tue,23:32,1.35,41,L
04/15/20,Wed,05:49,9.3,283,H
04/15/20,Wed,12:20,0.5,15,L
04/15/20,Wed,18:42,8.4,256,H
04/16/20,Thu,00:39,1.62,49,L
04/16/20,Thu,06:55,8.98,274,H
04/16/20,Thu,13:26,0.76,23,L
04/16/20,Thu,19:45,8.37,255,H
04/17/20,Fri,01:47,1.62,49,L
04/17/20,Fri,08:00,8.87,270,H
04/17/20,Fri,14:27,0.81,25,L
04/17/20,Fri,20:43,8.53,260,H
04/18/20,Sat,02:48,1.41,43,L
04/18/20,Sat,08:58,8.92,272,H
04/18/20,Sat,15:20,0.76,23,L
04/18/20,Sat,21:33,8.79,268,H
04/19/20,Sun,03:40,1.11,34,L
04/19/20,Sun,09:49,9.03,275,H
04/19/20,Sun,16:04,0.68,21,L
04/19/20,Sun,22:16,9.08,277,H
04/20/20,Mon,04:25,0.79,24,L
04/20/20,Mon,10:33,9.12,278,H
04/20/20,Mon,16:43,0.63,19,L
04/20/20,Mon,22:54,9.33,284,H
04/21/20,Tue,05:05,0.52,16,L
04/21/20,Tue,11:14,9.18,280,H
04/21/20,Tue,17:18,0.63,19,L
04/21/20,Tue,23:30,9.53,290,H
04/22/20,Wed,05:42,0.32,10,L
04/22/20,Wed,11:52,9.18,280,H
04/22/20,Wed,17:51,0.68,21,L
04/23/20,Thu,00:03,9.66,294,H
04/23/20,Thu,06:16,0.17,5,L
04/23/20,Thu,12:29,9.12,278,H
04/23/20,Thu,18:23,0.78,24,L
04/24/20,Fri,00:35,9.72,296,H
04/24/20,Fri,06:50,0.1,3,L
04/24/20,Fri,13:04,9.01,275,H
04/24/20,Fri,18:55,0.91,28,L
04/25/20,Sat,01:06,9.72,296,H
04/25/20,Sat,07:24,0.09,3,L
04/25/20,Sat,13:39,8.85,270,H
04/25/20,Sat,19:29,1.06,32,L
04/26/20,Sun,01:39,9.68,295,H
04/26/20,Sun,08:00,0.14,4,L
04/26/20,Sun,14:15,8.67,264,H
04/26/20,Sun,20:06,1.22,37,L
04/27/20,Mon,02:15,9.61,293,H
04/27/20,Mon,08:40,0.23,7,L
04/27/20,Mon,14:55,8.49,259,H
04/27/20,Mon,20:47,1.37,42,L
04/28/20,Tue,02:56,9.52,290,H
04/28/20,Tue,09:24,0.35,11,L
04/28/20,Tue,15:41,8.34,254,H
04/28/20,Tue,21:33,1.5,46,L
04/29/20,Wed,03:43,9.42,287,H
04/29/20,Wed,10:14,0.45,14,L
04/29/20,Wed,16:33,8.27,252,H
04/29/20,Wed,22:26,1.55,47,L
04/30/20,Thu,04:38,9.36,285,H
04/30/20,Thu,11:09,0.48,15,L
04/30/20,Thu,17:30,8.34,254,H
04/30/20,Thu,23:25,1.49,45,L
05/01/20,Fri,05:39,9.36,285,H
05/01/20,Fri,12:08,0.42,13,L
05/01/20,Fri,18:30,8.6,262,H
05/02/20,Sat,00:28,1.25,38,L
05/02/20,Sat,06:44,9.47,289,H
05/02/20,Sat,13:09,0.24,7,L
05/02/20,Sat,19:32,9.06,276,H
05/03/20,Sun,01:35,0.81,25,L
05/03/20,Sun,07:50,9.71,296,H
05/03/20,Sun,14:10,-0.07,-2,L
05/03/20,Sun,20:31,9.7,296,H
05/04/20,Mon,02:39,0.16,5,L
05/04/20,Mon,08:53,10.05,306,H
05/04/20,Mon,15:07,-0.43,-13,L
05/04/20,Mon,21:25,10.4,317,H
05/05/20,Tue,03:38,-0.56,-17,L
05/05/20,Tue,09:51,10.38,316,H
05/05/20,Tue,16:00,-0.74,-23,L
05/05/20,Tue,22:16,11.03,336,H
05/06/20,Wed,04:33,-1.21,-37,L
05/06/20,Wed,10:47,10.61,323,H
05/06/20,Wed,16:51,-0.9,-27,L
05/06/20,Wed,23:06,11.48,350,H
05/07/20,Thu,05:26,-1.65,-50,L
05/07/20,Thu,11:41,10.68,326,H
05/07/20,Thu,17:41,-0.87,-27,L
05/07/20,Thu,23:56,11.7,357,H
05/08/20,Fri,06:18,-1.85,-56,L
05/08/20,Fri,12:34,10.59,323,H
05/08/20,Fri,18:31,-0.67,-20,L
05/09/20,Sat,00:45,11.66,355,H
05/09/20,Sat,07:09,-1.78,-54,L
05/09/20,Sat,13:27,10.32,315,H
05/09/20,Sat,19:21,-0.31,-9,L
05/10/20,Sun,01:35,11.38,347,H
05/10/20,Sun,08:01,-1.45,-44,L
05/10/20,Sun,14:19,9.93,303,H
05/10/20,Sun,20:12,0.16,5,L
05/11/20,Mon,02:26,10.91,333,H
05/11/20,Mon,08:54,-0.95,-29,L
05/11/20,Mon,15:14,9.47,289,H
05/11/20,Mon,21:06,0.68,21,L
05/12/20,Tue,03:20,10.32,315,H
05/12/20,Tue,09:50,-0.38,-12,L
05/12/20,Tue,16:12,9.04,276,H
05/12/20,Tue,22:04,1.17,36,L
05/13/20,Wed,04:19,9.74,297,H
05/13/20,Wed,10:48,0.17,5,L
05/13/20,Wed,17:11,8.72,266,H
05/13/20,Wed,23:05,1.53,47,L
05/14/20,Thu,05:19,9.24,282,H
05/14/20,Thu,11:48,0.61,19,L
05/14/20,Thu,18:10,8.55,261,H
05/15/20,Fri,00:08,1.74,53,L
05/15/20,Fri,06:20,8.87,270,H
05/15/20,Fri,12:46,0.92,28,L
05/15/20,Fri,19:08,8.53,260,H
05/16/20,Sat,01:12,1.76,54,L
05/16/20,Sat,07:21,8.65,264,H
05/16/20,Sat,13:43,1.08,33,L
05/16/20,Sat,20:02,8.67,264,H
05/17/20,Sun,02:12,1.59,48,L
05/17/20,Sun,08:19,8.58,262,H
05/17/20,Sun,14:35,1.13,34,L
05/17/20,Sun,20:52,8.91,272,H
05/18/20,Mon,03:06,1.3,40,L
05/18/20,Mon,09:11,8.62,263,H
05/18/20,Mon,15:21,1.12,34,L
05/18/20,Mon,21:35,9.19,280,H
05/19/20,Tue,03:52,0.97,30,L
05/19/20,Tue,09:58,8.69,265,H
05/19/20,Tue,16:01,1.1,34,L
05/19/20,Tue,22:15,9.44,288,H
05/20/20,Wed,04:33,0.66,20,L
05/20/20,Wed,10:41,8.76,267,H
05/20/20,Wed,16:38,1.09,33,L
05/20/20,Wed,22:52,9.65,294,H
05/21/20,Thu,05:11,0.4,12,L
05/21/20,Thu,11:22,8.8,268,H
05/21/20,Thu,17:13,1.1,34,L
05/21/20,Thu,23:27,9.8,299,H
05/22/20,Fri,05:48,0.2,6,L
05/22/20,Fri,12:01,8.82,269,H
05/22/20,Fri,17:49,1.13,34,L
05/23/20,Sat,00:02,9.9,302,H
05/23/20,Sat,06:24,0.07,2,L
05/23/20,Sat,12:40,8.8,268,H
05/23/20,Sat,18:25,1.17,36,L
05/24/20,Sun,00:37,9.96,304,H
05/24/20,Sun,07:01,-0.02,-1,L
05/24/20,Sun,13:17,8.76,267,H
05/24/20,Sun,19:02,1.2,37,L
05/25/20,Mon,01:14,9.99,304,H
05/25/20,Mon,07:39,-0.05,-2,L
05/25/20,Mon,13:56,8.71,265,H
05/25/20,Mon,19:42,1.23,37,L
05/26/20,Tue,01:53,9.99,304,H
05/26/20,Tue,08:21,-0.05,-2,L
05/26/20,Tue,14:38,8.67,264,H
05/26/20,Tue,20:26,1.26,38,L
05/27/20,Wed,02:37,9.95,303,H
05/27/20,Wed,09:06,-0.01,0,L
05/27/20,Wed,15:24,8.68,265,H
05/27/20,Wed,21:15,1.28,39,L
05/28/20,Thu,03:26,9.87,301,H
05/28/20,Thu,09:56,0.03,1,L
05/28/20,Thu,16:16,8.76,267,H
05/28/20,Thu,22:10,1.25,38,L
05/29/20,Fri,04:21,9.76,297,H
05/29/20,Fri,10:50,0.05,2,L
05/29/20,Fri,17:11,8.95,273,H
05/29/20,Fri,23:09,1.13,34,L
05/30/20,Sat,05:21,9.67,295,H
05/30/20,Sat,11:45,0.05,2,L
05/30/20,Sat,18:08,9.26,282,H
05/31/20,Sun,00:11,0.9,27,L
05/31/20,Sun,06:24,9.61,293,H
05/31/20,Sun,12:43,0.02,1,L
05/31/20,Sun,19:07,9.68,295,H
06/01/20,Mon,01:16,0.53,16,L
06/01/20,Mon,07:29,9.62,293,H
06/01/20,Mon,13:42,-0.05,-2,L
06/01/20,Mon,20:05,10.18,310,H
06/02/20,Tue,02:21,0.01,0,L
06/02/20,Tue,08:33,9.73,297,H
06/02/20,Tue,14:41,-0.16,-5,L
06/02/20,Tue,21:01,10.7,326,H
06/03/20,Wed,03:21,-0.55,-17,L
06/03/20,Wed,09:34,9.88,301,H
06/03/20,Wed,15:36,-0.26,-8,L
06/03/20,Wed,21:54,11.13,339,H
06/04/20,Thu,04:17,-1.04,-32,L
06/04/20,Thu,10:31,10,305,H
06/04/20,Thu,16:28,-0.28,-9,L
06/04/20,Thu,22:45,11.4,347,H
06/05/20,Fri,05:11,-1.35,-41,L
06/05/20,Fri,11:26,10.03,306,H
06/05/20,Fri,17:20,-0.21,-6,L
06/05/20,Fri,23:36,11.48,350,H
06/06/20,Sat,06:03,-1.45,-44,L
06/06/20,Sat,12:19,9.97,304,H
06/06/20,Sat,18:11,-0.04,-1,L
06/07/20,Sun,00:26,11.37,347,H
06/07/20,Sun,06:54,-1.35,-41,L
06/07/20,Sun,13:11,9.8,299,H
06/07/20,Sun,19:02,0.22,7,L
06/08/20,Mon,01:16,11.1,338,H
06/08/20,Mon,07:44,-1.06,-32,L
06/08/20,Mon,14:02,9.55,291,H
06/08/20,Mon,19:52,0.55,17,L
06/09/20,Tue,02:06,10.68,326,H
06/09/20,Tue,08:34,-0.65,-20,L
06/09/20,Tue,14:53,9.26,282,H
06/09/20,Tue,20:44,0.91,28,L
06/10/20,Wed,02:57,10.19,311,H
06/10/20,Wed,09:25,-0.19,-6,L
06/10/20,Wed,15:46,8.99,274,H
06/10/20,Wed,21:37,1.26,38,L
06/11/20,Thu,03:50,9.67,295,H
06/11/20,Thu,10:17,0.26,8,L
06/11/20,Thu,16:39,8.8,268,H
06/11/20,Thu,22:34,1.54,47,L
06/12/20,Fri,04:45,9.2,280,H
06/12/20,Fri,11:09,0.65,20,L
06/12/20,Fri,17:31,8.69,265,H
06/12/20,Fri,23:31,1.71,52,L
06/13/20,Sat,05:40,8.79,268,H
06/13/20,Sat,11:59,0.98,30,L
06/13/20,Sat,18:23,8.69,265,H
06/14/20,Sun,00:28,1.77,54,L
06/14/20,Sun,06:36,8.47,258,H
06/14/20,Sun,12:50,1.24,38,L
06/14/20,Sun,19:13,8.77,267,H
06/15/20,Mon,01:26,1.68,51,L
06/15/20,Mon,07:32,8.28,252,H
06/15/20,Mon,13:40,1.41,43,L
06/15/20,Mon,20:03,8.93,272,H
06/16/20,Tue,02:22,1.47,45,L
06/16/20,Tue,08:27,8.21,250,H
06/16/20,Tue,14:29,1.49,45,L
06/16/20,Tue,20:49,9.15,279,H
06/17/20,Wed,03:12,1.17,36,L
06/17/20,Wed,09:18,8.25,251,H
06/17/20,Wed,15:14,1.49,45,L
06/17/20,Wed,21:32,9.38,286,H
06/18/20,Thu,03:56,0.84,26,L
06/18/20,Thu,10:05,8.34,254,H
06/18/20,Thu,15:55,1.44,44,L
06/18/20,Thu,22:12,9.62,293,H
06/19/20,Fri,04:38,0.53,16,L
06/19/20,Fri,10:49,8.45,258,H
06/19/20,Fri,16:35,1.36,41,L
06/19/20,Fri,22:52,9.83,300,H
06/20/20,Sat,05:18,0.26,8,L
06/20/20,Sat,11:32,8.57,261,H
06/20/20,Sat,17:15,1.26,38,L
06/20/20,Sat,23:31,10.03,306,H
06/21/20,Sun,05:57,0.02,1,L
06/21/20,Sun,12:13,8.68,265,H
06/21/20,Sun,17:56,1.15,35,L
06/22/20,Mon,00:11,10.21,311,H
06/22/20,Mon,06:38,-0.18,-5,L
06/22/20,Mon,12:54,8.8,268,H
06/22/20,Mon,18:38,1.03,31,L
06/23/20,Tue,00:52,10.35,315,H
06/23/20,Tue,07:19,-0.34,-10,L
06/23/20,Tue,13:36,8.92,272,H
06/23/20,Tue,19:22,0.92,28,L
06/24/20,Wed,01:35,10.42,318,H
06/24/20,Wed,08:03,-0.44,-13,L
06/24/20,Wed,14:20,9.05,276,H
06/24/20,Wed,20:09,0.83,25,L
06/25/20,Thu,02:22,10.41,317,H
06/25/20,Thu,08:49,-0.47,-14,L
06/25/20,Thu,15:07,9.2,280,H
06/25/20,Thu,21:00,0.77,23,L
06/26/20,Fri,03:12,10.29,314,H
06/26/20,Fri,09:38,-0.44,-13,L
06/26/20,Fri,15:58,9.39,286,H
06/26/20,Fri,21:55,0.7,21,L
06/27/20,Sat,04:07,10.08,307,H
06/27/20,Sat,10:30,-0.35,-11,L
06/27/20,Sat,16:51,9.61,293,H
06/27/20,Sat,22:54,0.61,19,L
06/28/20,Sun,05:06,9.83,300,H
06/28/20,Sun,11:24,-0.21,-6,L
06/28/20,Sun,17:47,9.86,301,H
06/28/20,Sun,23:56,0.46,14,L
06/29/20,Mon,06:08,9.58,292,H
06/29/20,Mon,12:20,-0.03,-1,L
06/29/20,Mon,18:44,10.12,308,H
06/30/20,Tue,01:00,0.25,8,L
06/30/20,Tue,07:12,9.38,286,H
06/30/20,Tue,13:18,0.13,4,L
06/30/20,Tue,19:42,10.39,317,H
07/01/20,Wed,02:05,-0.04,-1,L
07/01/20,Wed,08:18,9.3,283,H
07/01/20,Wed,14:19,0.24,7,L
07/01/20,Wed,20:40,10.65,325,H
07/02/20,Thu,03:07,-0.39,-12,L
07/02/20,Thu,09:20,9.33,284,H
07/02/20,Thu,15:17,0.27,8,L
07/02/20,Thu,21:36,10.88,332,H
07/03/20,Fri,04:05,-0.7,-21,L
07/03/20,Fri,10:18,9.39,286,H
07/03/20,Fri,16:12,0.29,9,L
07/03/20,Fri,22:29,11.01,336,H
07/04/20,Sat,04:59,-0.89,-27,L
07/04/20,Sat,11:13,9.44,288,H
07/04/20,Sat,17:04,0.32,10,L
07/04/20,Sat,23:21,11.03,336,H
07/05/20,Sun,05:51,-0.94,-29,L
07/05/20,Sun,12:06,9.44,288,H
07/05/20,Sun,17:56,0.4,12,L
07/06/20,Mon,00:12,10.93,333,H
07/06/20,Mon,06:40,-0.86,-26,L
07/06/20,Mon,12:55,9.39,286,H
07/06/20,Mon,18:45,0.53,16,L
07/07/20,Tue,01:00,10.72,327,H
07/07/20,Tue,07:27,-0.66,-20,L
07/07/20,Tue,13:42,9.28,283,H
07/07/20,Tue,19:33,0.71,22,L
07/08/20,Wed,01:46,10.41,317,H
07/08/20,Wed,08:12,-0.36,-11,L
07/08/20,Wed,14:28,9.14,279,H
07/08/20,Wed,20:20,0.94,29,L
07/09/20,Thu,02:32,10.01,305,H
07/09/20,Thu,08:56,-0.02,-1,L
07/09/20,Thu,15:14,9,274,H
07/09/20,Thu,21:08,1.18,36,L
07/10/20,Fri,03:19,9.57,292,H
07/10/20,Fri,09:41,0.35,11,L
07/10/20,Fri,16:00,8.89,271,H
07/10/20,Fri,21:57,1.39,42,L
07/11/20,Sat,04:07,9.12,278,H
07/11/20,Sat,10:25,0.7,21,L
07/11/20,Sat,16:47,8.82,269,H
07/11/20,Sat,22:48,1.55,47,L
07/12/20,Sun,04:57,8.7,265,H
07/12/20,Sun,11:10,1.04,32,L
07/12/20,Sun,17:33,8.79,268,H
07/12/20,Sun,23:41,1.64,50,L
07/13/20,Mon,05:49,8.33,254,H
07/13/20,Mon,11:55,1.34,41,L
07/13/20,Mon,18:20,8.8,268,H
07/14/20,Tue,00:34,1.65,50,L
07/14/20,Tue,06:43,8.05,245,H
07/14/20,Tue,12:43,1.59,48,L
07/14/20,Tue,19:09,8.86,270,H
07/15/20,Wed,01:30,1.55,47,L
07/15/20,Wed,07:39,7.9,241,H
07/15/20,Wed,13:34,1.73,53,L
07/15/20,Wed,19:58,9,274,H
07/16/20,Thu,02:25,1.33,41,L
07/16/20,Thu,08:35,7.91,241,H
07/16/20,Thu,14:25,1.74,53,L
07/16/20,Thu,20:47,9.22,281,H
07/17/20,Fri,03:16,1.01,31,L
07/17/20,Fri,09:27,8.03,245,H
07/17/20,Fri,15:14,1.62,49,L
07/17/20,Fri,21:33,9.52,290,H
07/18/20,Sat,04:02,0.64,20,L
07/18/20,Sat,10:14,8.24,251,H
07/18/20,Sat,16:00,1.41,43,L
07/18/20,Sat,22:18,9.85,300,H
07/19/20,Sun,04:46,0.26,8,L
07/19/20,Sun,11:00,8.49,259,H
07/19/20,Sun,16:44,1.13,34,L
07/19/20,Sun,23:02,10.19,311,H
07/20/20,Mon,05:29,-0.12,-4,L
07/20/20,Mon,11:44,8.78,268,H
07/20/20,Mon,17:30,0.84,26,L
07/20/20,Mon,23:47,10.5,320,H
07/21/20,Tue,06:13,-0.45,-14,L
07/21/20,Tue,12:28,9.08,277,H
07/21/20,Tue,18:16,0.55,17,L
07/22/20,Wed,00:32,10.74,327,H
07/22/20,Wed,06:57,-0.72,-22,L
07/22/20,Wed,13:12,9.39,286,H
07/22/20,Wed,19:03,0.3,9,L
07/23/20,Thu,01:18,10.86,331,H
07/23/20,Thu,07:42,-0.89,-27,L
07/23/20,Thu,13:57,9.67,295,H
07/23/20,Thu,19:52,0.12,4,L
07/24/20,Fri,02:06,10.82,330,H
07/24/20,Fri,08:28,-0.92,-28,L
07/24/20,Fri,14:45,9.9,302,H
07/24/20,Fri,20:44,0.02,1,L
07/25/20,Sat,02:57,10.61,323,H
07/25/20,Sat,09:16,-0.8,-24,L
07/25/20,Sat,15:35,10.08,307,H
07/25/20,Sat,21:40,0.01,0,L
07/26/20,Sun,03:53,10.26,313,H
07/26/20,Sun,10:08,-0.56,-17,L
07/26/20,Sun,16:29,10.2,311,H
07/26/20,Sun,22:38,0.03,1,L
07/27/20,Mon,04:52,9.84,300,H
07/27/20,Mon,11:02,-0.23,-7,L
07/27/20,Mon,17:25,10.26,313,H
07/27/20,Mon,23:40,0.07,2,L
07/28/20,Tue,05:54,9.43,287,H
07/28/20,Tue,11:59,0.13,4,L
07/28/20,Tue,18:23,10.28,313,H
07/29/20,Wed,00:45,0.09,3,L
07/29/20,Wed,06:59,9.1,277,H
07/29/20,Wed,12:59,0.46,14,L
07/29/20,Wed,19:24,10.29,314,H
07/30/20,Thu,01:52,0.02,1,L
07/30/20,Thu,08:06,8.93,272,H
07/30/20,Thu,14:03,0.67,20,L
07/30/20,Thu,20:25,10.34,315,H
07/31/20,Fri,02:56,-0.13,-4,L
07/31/20,Fri,09:10,8.92,272,H
07/31/20,Fri,15:04,0.72,22,L
07/31/20,Fri,21:24,10.44,318,H
08/01/20,Sat,03:55,-0.31,-9,L
08/01/20,Sat,10:08,9,274,H
08/01/20,Sat,16:01,0.68,21,L
08/01/20,Sat,22:19,10.52,321,H
08/02/20,Sun,04:48,-0.44,-13,L
08/02/20,Sun,11:02,9.1,277,H
08/02/20,Sun,16:53,0.62,19,L
08/02/20,Sun,23:10,10.55,322,H
08/03/20,Mon,05:38,-0.48,-15,L
08/03/20,Mon,11:51,9.17,280,H
08/03/20,Mon,17:42,0.59,18,L
08/03/20,Mon,23:58,10.5,320,H
08/04/20,Tue,06:23,-0.43,-13,L
08/04/20,Tue,12:37,9.21,281,H
08/04/20,Tue,18:28,0.61,19,L
08/05/20,Wed,00:43,10.36,316,H
08/05/20,Wed,07:06,-0.3,-9,L
08/05/20,Wed,13:19,9.21,281,H
08/05/20,Wed,19:12,0.68,21,L
08/06/20,Thu,01:25,10.12,308,H
08/06/20,Thu,07:45,-0.08,-2,L
08/06/20,Thu,13:59,9.17,280,H
08/06/20,Thu,19:54,0.81,25,L
08/07/20,Fri,02:06,9.8,299,H
08/07/20,Fri,08:23,0.19,6,L
08/07/20,Fri,14:38,9.11,278,H
08/07/20,Fri,20:36,0.96,29,L
08/08/20,Sat,02:47,9.42,287,H
08/08/20,Sat,09:01,0.5,15,L
08/08/20,Sat,15:17,9.03,275,H
08/08/20,Sat,21:19,1.14,35,L
08/09/20,Sun,03:30,9,274,H
08/09/20,Sun,09:40,0.84,26,L
08/09/20,Sun,15:58,8.94,272,H
08/09/20,Sun,22:05,1.3,40,L
08/10/20,Mon,04:16,8.59,262,H
08/10/20,Mon,10:21,1.17,36,L
08/10/20,Mon,16:41,8.85,270,H
08/10/20,Mon,22:53,1.44,44,L
08/11/20,Tue,05:04,8.22,251,H
08/11/20,Tue,11:05,1.48,45,L
08/11/20,Tue,17:27,8.79,268,H
08/11/20,Tue,23:44,1.53,47,L
08/12/20,Wed,05:56,7.92,241,H
08/12/20,Wed,11:52,1.74,53,L
08/12/20,Wed,18:15,8.78,268,H
08/13/20,Thu,00:38,1.53,47,L
08/13/20,Thu,06:52,7.75,236,H
08/13/20,Thu,12:44,1.88,57,L
08/13/20,Thu,19:08,8.86,270,H
08/14/20,Fri,01:36,1.4,43,L
08/14/20,Fri,07:51,7.74,236,H
08/14/20,Fri,13:39,1.86,57,L
08/14/20,Fri,20:03,9.08,277,H
08/15/20,Sat,02:33,1.1,34,L
08/15/20,Sat,08:47,7.92,241,H
08/15/20,Sat,14:35,1.65,50,L
08/15/20,Sat,20:56,9.45,288,H
08/16/20,Sun,03:26,0.67,20,L
08/16/20,Sun,09:39,8.25,251,H
08/16/20,Sun,15:27,1.27,39,L
08/16/20,Sun,21:46,9.91,302,H
08/17/20,Mon,04:14,0.17,5,L
08/17/20,Mon,10:27,8.68,265,H
08/17/20,Mon,16:16,0.8,24,L
08/17/20,Mon,22:34,10.39,317,H
08/18/20,Tue,05:00,-0.33,-10,L
08/18/20,Tue,11:13,9.16,279,H
08/18/20,Tue,17:05,0.32,10,L
08/18/20,Tue,23:22,10.8,329,H
08/19/20,Wed,05:45,-0.77,-23,L
08/19/20,Wed,11:59,9.65,294,H
08/19/20,Wed,17:54,-0.13,-4,L
08/20/20,Thu,00:11,11.09,338,H
08/20/20,Thu,06:31,-1.08,-33,L
08/20/20,Thu,12:45,10.1,308,H
08/20/20,Thu,18:44,-0.49,-15,L
08/21/20,Fri,00:59,11.19,341,H
08/21/20,Fri,07:17,-1.23,-37,L
08/21/20,Fri,13:32,10.45,319,H
08/21/20,Fri,19:34,-0.71,-22,L
08/22/20,Sat,01:49,11.08,338,H
08/22/20,Sat,08:04,-1.17,-36,L
08/22/20,Sat,14:19,10.66,325,H
08/22/20,Sat,20:27,-0.76,-23,L
08/23/20,Sun,02:41,10.75,328,H
08/23/20,Sun,08:53,-0.91,-28,L
08/23/20,Sun,15:10,10.71,326,H
08/23/20,Sun,21:22,-0.65,-20,L
08/24/20,Mon,03:37,10.28,313,H
08/24/20,Mon,09:45,-0.5,-15,L
08/24/20,Mon,16:04,10.61,323,H
08/24/20,Mon,22:21,-0.43,-13,L
08/25/20,Tue,04:37,9.74,297,H
08/25/20,Tue,10:41,-0.01,0,L
08/25/20,Tue,17:02,10.41,317,H
08/25/20,Tue,23:24,-0.17,-5,L
08/26/20,Wed,05:41,9.25,282,H
08/26/20,Wed,11:41,0.47,14,L
08/26/20,Wed,18:03,10.18,310,H
08/27/20,Thu,00:30,0.06,2,L
08/27/20,Thu,06:48,8.88,271,H
08/27/20,Thu,12:45,0.85,26,L
08/27/20,Thu,19:08,10.01,305,H
08/28/20,Fri,01:39,0.18,5,L
08/28/20,Fri,07:56,8.71,265,H
08/28/20,Fri,13:52,1.03,31,L
08/28/20,Fri,20:13,9.96,304,H
08/29/20,Sat,02:45,0.14,4,L
08/29/20,Sat,09:00,8.74,266,H
08/29/20,Sat,14:56,1,30,L
08/29/20,Sat,21:14,10.02,305,H
08/30/20,Sun,03:43,0.03,1,L
08/30/20,Sun,09:56,8.88,271,H
08/30/20,Sun,15:52,0.85,26,L
08/30/20,Sun,22:08,10.11,308,H
08/31/20,Mon,04:35,-0.08,-2,L
08/31/20,Mon,10:46,9.05,276,H
08/31/20,Mon,16:42,0.7,21,L
08/31/20,Mon,22:57,10.16,310,H
09/01/20,Tue,05:20,-0.12,-4,L
09/01/20,Tue,11:32,9.19,280,H
09/01/20,Tue,17:28,0.58,18,L
09/01/20,Tue,23:42,10.13,309,H
09/02/20,Wed,06:02,-0.08,-2,L
09/02/20,Wed,12:13,9.29,283,H
09/02/20,Wed,18:10,0.53,16,L
09/03/20,Thu,00:23,10.02,305,H
09/03/20,Thu,06:39,0.04,1,L
09/03/20,Thu,12:50,9.34,285,H
09/03/20,Thu,18:50,0.53,16,L
09/04/20,Fri,01:02,9.82,299,H
09/04/20,Fri,07:14,0.23,7,L
09/04/20,Fri,13:26,9.35,285,H
09/04/20,Fri,19:27,0.59,18,L
09/05/20,Sat,01:39,9.55,291,H
09/05/20,Sat,07:47,0.47,14,L
09/05/20,Sat,14:00,9.3,283,H
09/05/20,Sat,20:05,0.7,21,L
09/06/20,Sun,02:16,9.22,281,H
09/06/20,Sun,08:21,0.75,23,L
09/06/20,Sun,14:34,9.21,281,H
09/06/20,Sun,20:43,0.85,26,L
09/07/20,Mon,02:55,8.86,270,H
09/07/20,Mon,08:57,1.06,32,L
09/07/20,Mon,15:11,9.09,277,H
09/07/20,Mon,21:25,1.02,31,L
09/08/20,Tue,03:37,8.49,259,H
09/08/20,Tue,09:37,1.38,42,L
09/08/20,Tue,15:52,8.94,272,H
09/08/20,Tue,22:10,1.21,37,L
09/09/20,Wed,04:24,8.14,248,H
09/09/20,Wed,10:21,1.67,51,L
09/09/20,Wed,16:37,8.82,269,H
09/09/20,Wed,22:59,1.35,41,L
09/10/20,Thu,05:15,7.88,240,H
09/10/20,Thu,11:09,1.88,57,L
09/10/20,Thu,17:27,8.76,267,H
09/10/20,Thu,23:53,1.41,43,L
09/11/20,Fri,06:10,7.73,236,H
09/11/20,Fri,12:02,1.97,60,L
09/11/20,Fri,18:22,8.82,269,H
09/12/20,Sat,00:52,1.33,41,L
09/12/20,Sat,07:10,7.77,237,H
09/12/20,Sat,13:00,1.88,57,L
09/12/20,Sat,19:22,9.05,276,H
09/13/20,Sun,01:52,1.05,32,L
09/13/20,Sun,08:10,8.03,245,H
09/13/20,Sun,14:01,1.56,48,L
09/13/20,Sun,20:21,9.47,289,H
09/14/20,Mon,02:50,0.58,18,L
09/14/20,Mon,09:05,8.51,259,H
09/14/20,Mon,14:58,1.03,31,L
09/14/20,Mon,21:17,10,305,H
09/15/20,Tue,03:41,0.01,0,L
09/15/20,Tue,09:55,9.12,278,H
09/15/20,Tue,15:51,0.38,12,L
09/15/20,Tue,22:08,10.54,321,H
09/16/20,Wed,04:29,-0.55,-17,L
09/16/20,Wed,10:42,9.77,298,H
09/16/20,Wed,16:42,-0.27,-8,L
09/16/20,Wed,22:59,10.98,335,H
09/17/20,Thu,05:16,-1,-30,L
09/17/20,Thu,11:30,10.39,317,H
09/17/20,Thu,17:33,-0.83,-25,L
09/17/20,Thu,23:49,11.24,343,H
09/18/20,Fri,06:03,-1.28,-39,L
09/18/20,Fri,12:17,10.9,332,H
09/18/20,Fri,18:24,-1.24,-38,L
09/19/20,Sat,00:40,11.29,344,H
09/19/20,Sat,06:50,-1.33,-41,L
09/19/20,Sat,13:04,11.21,342,H
09/19/20,Sat,19:15,-1.43,-44,L
09/20/20,Sun,01:31,11.1,338,H
09/20/20,Sun,07:38,-1.15,-35,L
09/20/20,Sun,13:53,11.3,344,H
09/20/20,Sun,20:08,-1.38,-42,L
09/21/20,Mon,02:24,10.7,326,H
09/21/20,Mon,08:28,-0.76,-23,L
09/21/20,Mon,14:44,11.14,340,H
09/21/20,Mon,21:03,-1.1,-34,L
09/22/20,Tue,03:20,10.16,310,H
09/22/20,Tue,09:22,-0.23,-7,L
09/22/20,Tue,15:39,10.8,329,H
09/22/20,Tue,22:03,-0.68,-21,L
09/23/20,Wed,04:22,9.59,292,H
09/23/20,Wed,10:21,0.35,11,L
09/23/20,Wed,16:40,10.37,316,H
09/23/20,Wed,23:07,-0.23,-7,L
09/24/20,Thu,05:27,9.1,277,H
09/24/20,Thu,11:24,0.84,26,L
09/24/20,Thu,17:45,9.97,304,H
09/25/20,Fri,00:14,0.14,4,L
09/25/20,Fri,06:35,8.78,268,H
09/25/20,Fri,12:31,1.17,36,L
09/25/20,Fri,18:52,9.7,296,H
09/26/20,Sat,01:23,0.36,11,L
09/26/20,Sat,07:42,8.67,264,H
09/26/20,Sat,13:40,1.27,39,L
09/26/20,Sat,19:59,9.6,293,H
09/27/20,Sun,02:29,0.39,12,L
09/27/20,Sun,08:44,8.77,267,H
09/27/20,Sun,14:44,1.14,35,L
09/27/20,Sun,20:59,9.65,294,H
09/28/20,Mon,03:25,0.31,9,L
09/28/20,Mon,09:38,8.97,273,H
09/28/20,Mon,15:39,0.91,28,L
09/28/20,Mon,21:52,9.73,297,H
09/29/20,Tue,04:13,0.23,7,L
09/29/20,Tue,10:25,9.18,280,H
09/29/20,Tue,16:27,0.68,21,L
09/29/20,Tue,22:39,9.78,298,H
09/30/20,Wed,04:56,0.21,6,L
09/30/20,Wed,11:06,9.37,286,H
09/30/20,Wed,17:10,0.5,15,L
09/30/20,Wed,23:21,9.75,297,H
10/01/20,Thu,05:33,0.27,8,L
10/01/20,Thu,11:44,9.5,290,H
10/01/20,Thu,17:49,0.39,12,L
10/02/20,Fri,00:00,9.66,294,H
10/02/20,Fri,06:08,0.39,12,L
10/02/20,Fri,12:19,9.57,292,H
10/02/20,Fri,18:26,0.34,10,L
10/03/20,Sat,00:37,9.49,289,H
10/03/20,Sat,06:40,0.56,17,L
10/03/20,Sat,12:52,9.58,292,H
10/03/20,Sat,19:01,0.37,11,L
10/04/20,Sun,01:13,9.27,283,H
10/04/20,Sun,07:12,0.78,24,L
10/04/20,Sun,13:23,9.52,290,H
10/04/20,Sun,19:35,0.45,14,L
10/05/20,Mon,01:48,9,274,H
10/05/20,Mon,07:45,1.02,31,L
10/05/20,Mon,13:56,9.41,287,H
10/05/20,Mon,20:11,0.58,18,L
10/06/20,Tue,02:25,8.7,265,H
10/06/20,Tue,08:20,1.29,39,L
10/06/20,Tue,14:31,9.26,282,H
10/06/20,Tue,20:50,0.76,23,L
10/07/20,Wed,03:05,8.39,256,H
10/07/20,Wed,08:59,1.56,48,L
10/07/20,Wed,15:10,9.09,277,H
10/07/20,Wed,21:34,0.95,29,L
10/08/20,Thu,03:50,8.11,247,H
10/08/20,Thu,09:43,1.79,55,L
10/08/20,Thu,15:55,8.95,273,H
10/08/20,Thu,22:23,1.11,34,L
10/09/20,Fri,04:40,7.91,241,H
10/09/20,Fri,10:33,1.94,59,L
10/09/20,Fri,16:47,8.87,270,H
10/09/20,Fri,23:17,1.18,36,L
10/10/20,Sat,05:36,7.85,239,H
10/10/20,Sat,11:28,1.95,59,L
10/10/20,Sat,17:45,8.92,272,H
10/11/20,Sun,00:15,1.1,34,L
10/11/20,Sun,06:35,7.99,244,H
10/11/20,Sun,12:28,1.77,54,L
10/11/20,Sun,18:47,9.13,278,H
10/12/20,Mon,01:15,0.84,26,L
10/12/20,Mon,07:35,8.36,255,H
10/12/20,Mon,13:31,1.36,41,L
10/12/20,Mon,19:49,9.51,290,H
10/13/20,Tue,02:14,0.4,12,L
10/13/20,Tue,08:32,8.96,273,H
10/13/20,Tue,14:32,0.73,22,L
10/13/20,Tue,20:49,10,305,H
10/14/20,Wed,03:09,-0.14,-4,L
10/14/20,Wed,09:24,9.69,295,H
10/14/20,Wed,15:28,-0.03,-1,L
10/14/20,Wed,21:44,10.5,320,H
10/15/20,Thu,03:59,-0.66,-20,L
10/15/20,Thu,10:13,10.43,318,H
10/15/20,Thu,16:21,-0.77,-23,L
10/15/20,Thu,22:36,10.89,332,H
10/16/20,Fri,04:47,-1.04,-32,L
10/16/20,Fri,11:01,11.08,338,H
10/16/20,Fri,17:13,-1.37,-42,L
10/16/20,Fri,23:28,11.1,338,H
10/17/20,Sat,05:35,-1.22,-37,L
10/17/20,Sat,11:49,11.53,351,H
10/17/20,Sat,18:05,-1.76,-54,L
10/18/20,Sun,00:20,11.1,338,H
10/18/20,Sun,06:24,-1.18,-36,L
10/18/20,Sun,12:38,11.73,358,H
10/18/20,Sun,18:57,-1.87,-57,L
10/19/20,Mon,01:13,10.88,332,H
10/19/20,Mon,07:14,-0.92,-28,L
10/19/20,Mon,13:28,11.65,355,H
10/19/20,Mon,19:49,-1.7,-52,L
10/20/20,Tue,02:07,10.47,319,H
10/20/20,Tue,08:05,-0.47,-14,L
10/20/20,Tue,14:20,11.31,345,H
10/20/20,Tue,20:44,-1.29,-39,L
10/21/20,Wed,03:03,9.95,303,H
10/21/20,Wed,09:00,0.09,3,L
10/21/20,Wed,15:16,10.8,329,H
10/21/20,Wed,21:44,-0.75,-23,L
10/22/20,Thu,04:05,9.41,287,H
10/22/20,Thu,10:00,0.65,20,L
10/22/20,Thu,16:18,10.23,312,H
10/22/20,Thu,22:47,-0.2,-6,L
10/23/20,Fri,05:10,8.99,274,H
10/23/20,Fri,11:05,1.1,34,L
10/23/20,Fri,17:23,9.74,297,H
10/23/20,Fri,23:53,0.24,7,L
10/24/20,Sat,06:15,8.74,266,H
10/24/20,Sat,12:12,1.36,41,L
10/24/20,Sat,18:30,9.4,287,H
10/25/20,Sun,00:59,0.52,16,L
10/25/20,Sun,07:19,8.69,265,H
10/25/20,Sun,13:21,1.4,43,L
10/25/20,Sun,19:36,9.24,282,H
10/26/20,Mon,02:02,0.62,19,L
10/26/20,Mon,08:19,8.82,269,H
10/26/20,Mon,14:24,1.24,38,L
10/26/20,Mon,20:36,9.22,281,H
10/27/20,Tue,02:57,0.61,19,L
10/27/20,Tue,09:11,9.05,276,H
10/27/20,Tue,15:18,0.96,29,L
10/27/20,Tue,21:28,9.27,283,H
10/28/20,Wed,03:44,0.58,18,L
10/28/20,Wed,09:56,9.29,283,H
10/28/20,Wed,16:05,0.68,21,L
10/28/20,Wed,22:14,9.3,283,H
10/29/20,Thu,04:24,0.58,18,L
10/29/20,Thu,10:35,9.51,290,H
10/29/20,Thu,16:47,0.45,14,L
10/29/20,Thu,22:56,9.29,283,H
10/30/20,Fri,05:01,0.63,19,L
10/30/20,Fri,11:12,9.65,294,H
10/30/20,Fri,17:25,0.29,9,L
10/30/20,Fri,23:35,9.24,282,H
10/31/20,Sat,05:35,0.73,22,L
10/31/20,Sat,11:46,9.73,297,H
10/31/20,Sat,18:01,0.2,6,L
11/01/20,Sun,00:13,9.13,278,H
11/01/20,Sun,05:07,0.87,27,L
11/01/20,Sun,11:19,9.74,297,H
11/01/20,Sun,17:35,0.19,6,L
11/01/20,Sun,23:49,8.98,274,H
11/02/20,Mon,05:40,1.03,31,L
11/02/20,Mon,11:51,9.69,295,H
11/02/20,Mon,18:09,0.24,7,L
11/03/20,Tue,00:24,8.79,268,H
11/03/20,Tue,06:13,1.21,37,L
11/03/20,Tue,12:24,9.59,292,H
11/03/20,Tue,18:45,0.34,10,L
11/04/20,Wed,01:00,8.57,261,H
11/04/20,Wed,06:49,1.4,43,L
11/04/20,Wed,12:59,9.46,288,H
11/04/20,Wed,19:23,0.48,15,L
11/05/20,Thu,01:39,8.35,255,H
11/05/20,Thu,07:29,1.58,48,L
11/05/20,Thu,13:38,9.32,284,H
11/05/20,Thu,20:06,0.63,19,L
11/06/20,Fri,02:23,8.16,249,H
11/06/20,Fri,08:14,1.72,52,L
11/06/20,Fri,14:24,9.2,280,H
11/06/20,Fri,20:54,0.74,23,L
11/07/20,Sat,03:12,8.07,246,H
11/07/20,Sat,09:04,1.78,54,L
11/07/20,Sat,15:17,9.12,278,H
11/07/20,Sat,21:47,0.78,24,L
11/08/20,Sun,04:07,8.12,247,H
11/08/20,Sun,10:01,1.72,52,L
11/08/20,Sun,16:15,9.12,278,H
11/08/20,Sun,22:43,0.71,22,L
11/09/20,Mon,05:05,8.37,255,H
11/09/20,Mon,11:02,1.49,45,L
11/09/20,Mon,17:17,9.23,281,H
11/09/20,Mon,23:42,0.51,16,L
11/10/20,Tue,06:03,8.81,269,H
11/10/20,Tue,12:05,1.06,32,L
11/10/20,Tue,18:21,9.47,289,H
11/11/20,Wed,00:41,0.2,6,L
11/11/20,Wed,07:01,9.44,288,H
11/11/20,Wed,13:09,0.42,13,L
11/11/20,Wed,19:23,9.81,299,H
11/12/20,Thu,01:37,-0.2,-6,L
11/12/20,Thu,07:55,10.17,310,H
11/12/20,Thu,14:08,-0.34,-10,L
11/12/20,Thu,20:21,10.19,311,H
11/13/20,Fri,02:30,-0.57,-17,L
11/13/20,Fri,08:46,10.87,331,H
11/13/20,Fri,15:03,-1.06,-32,L
11/13/20,Fri,21:16,10.49,320,H
11/14/20,Sat,03:21,-0.84,-26,L
11/14/20,Sat,09:36,11.43,348,H
11/14/20,Sat,15:55,-1.62,-49,L
11/14/20,Sat,22:10,10.65,325,H
11/15/20,Sun,04:11,-0.94,-29,L
11/15/20,Sun,10:25,11.76,358,H
11/15/20,Sun,16:48,-1.93,-59,L
11/15/20,Sun,23:04,10.64,324,H
11/16/20,Mon,05:01,-0.86,-26,L
11/16/20,Mon,11:16,11.84,361,H
11/16/20,Mon,17:40,-1.96,-60,L
11/16/20,Mon,23:57,10.46,319,H
11/17/20,Tue,05:52,-0.61,-19,L
11/17/20,Tue,12:07,11.65,355,H
11/17/20,Tue,18:33,-1.73,-53,L
11/18/20,Wed,00:50,10.13,309,H
11/18/20,Wed,06:44,-0.21,-6,L
11/18/20,Wed,12:59,11.25,343,H
11/18/20,Wed,19:26,-1.29,-39,L
11/19/20,Thu,01:45,9.7,296,H
11/19/20,Thu,07:39,0.28,9,L
11/19/20,Thu,13:54,10.68,326,H
11/19/20,Thu,20:23,-0.73,-22,L
11/20/20,Fri,02:44,9.26,282,H
11/20/20,Fri,08:37,0.77,23,L
11/20/20,Fri,14:54,10.08,307,H
11/20/20,Fri,21:23,-0.17,-5,L
11/21/20,Sat,03:45,8.92,272,H
11/21/20,Sat,09:40,1.17,36,L
11/21/20,Sat,15:56,9.53,290,H
11/21/20,Sat,22:24,0.3,9,L
11/22/20,Sun,04:46,8.72,266,H
11/22/20,Sun,10:45,1.42,43,L
11/22/20,Sun,17:00,9.11,278,H
11/22/20,Sun,23:25,0.64,20,L
11/23/20,Mon,05:46,8.67,264,H
11/23/20,Mon,11:50,1.48,45,L
11/23/20,Mon,18:02,8.83,269,H
11/24/20,Tue,00:23,0.86,26,L
11/24/20,Tue,06:43,8.77,267,H
11/24/20,Tue,12:53,1.35,41,L
11/24/20,Tue,19:02,8.69,265,H
11/25/20,Wed,01:18,0.95,29,L
11/25/20,Wed,07:34,8.97,273,H
11/25/20,Wed,13:49,1.09,33,L
11/25/20,Wed,19:56,8.67,264,H
11/26/20,Thu,02:05,0.98,30,L
11/26/20,Thu,08:20,9.21,281,H
11/26/20,Thu,14:37,0.79,24,L
11/26/20,Thu,20:44,8.71,265,H
11/27/20,Fri,02:47,0.99,30,L
11/27/20,Fri,09:00,9.44,288,H
11/27/20,Fri,15:20,0.51,16,L
11/27/20,Fri,21:28,8.75,267,H
11/28/20,Sat,03:25,1,30,L
11/28/20,Sat,09:38,9.61,293,H
11/28/20,Sat,15:59,0.29,9,L
11/28/20,Sat,22:09,8.77,267,H
11/29/20,Sun,04:01,1.03,31,L
11/29/20,Sun,10:14,9.72,296,H
11/29/20,Sun,16:35,0.14,4,L
11/29/20,Sun,22:48,8.75,267,H
11/30/20,Mon,04:36,1.07,33,L
11/30/20,Mon,10:49,9.77,298,H
11/30/20,Mon,17:11,0.06,2,L
11/30/20,Mon,23:25,8.7,265,H
12/01/20,Tue,05:11,1.13,34,L
12/01/20,Tue,11:23,9.78,298,H
12/01/20,Tue,17:46,0.04,1,L
12/02/20,Wed,00:02,8.62,263,H
12/02/20,Wed,05:47,1.19,36,L
12/02/20,Wed,11:59,9.76,297,H
12/02/20,Wed,18:23,0.06,2,L
12/03/20,Thu,00:39,8.53,260,H
12/03/20,Thu,06:25,1.24,38,L
12/03/20,Thu,12:36,9.72,296,H
12/03/20,Thu,19:02,0.1,3,L
12/04/20,Fri,01:18,8.44,257,H
12/04/20,Fri,07:06,1.3,40,L
12/04/20,Fri,13:16,9.65,294,H
12/04/20,Fri,19:44,0.16,5,L
12/05/20,Sat,02:00,8.4,256,H
12/05/20,Sat,07:51,1.33,41,L
12/05/20,Sat,14:01,9.55,291,H
12/05/20,Sat,20:31,0.21,6,L
12/06/20,Sun,02:48,8.43,257,H
12/06/20,Sun,08:42,1.33,41,L
12/06/20,Sun,14:53,9.43,287,H
12/06/20,Sun,21:21,0.24,7,L
12/07/20,Mon,03:41,8.58,262,H
12/07/20,Mon,09:39,1.24,38,L
12/07/20,Mon,15:51,9.33,284,H
12/07/20,Mon,22:15,0.24,7,L
12/08/20,Tue,04:37,8.87,270,H
12/08/20,Tue,10:39,1.02,31,L
12/08/20,Tue,16:52,9.27,283,H
12/08/20,Tue,23:11,0.19,6,L
12/09/20,Wed,05:34,9.28,283,H
12/09/20,Wed,11:43,0.66,20,L
12/09/20,Wed,17:56,9.3,283,H
12/10/20,Thu,00:10,0.09,3,L
12/10/20,Thu,06:32,9.79,298,H
12/10/20,Thu,12:47,0.14,4,L
12/10/20,Thu,19:01,9.43,287,H
12/11/20,Fri,01:09,-0.08,-2,L
12/11/20,Fri,07:29,10.37,316,H
12/11/20,Fri,13:49,-0.48,-15,L
12/11/20,Fri,20:03,9.65,294,H
12/12/20,Sat,02:05,-0.28,-9,L
12/12/20,Sat,08:23,10.91,333,H
12/12/20,Sat,14:47,-1.08,-33,L
12/12/20,Sat,21:01,9.88,301,H
12/13/20,Sun,02:59,-0.46,-14,L
12/13/20,Sun,09:16,11.32,345,H
12/13/20,Sun,15:41,-1.53,-47,L
12/13/20,Sun,21:56,10.03,306,H
12/14/20,Mon,03:52,-0.54,-16,L
12/14/20,Mon,10:07,11.55,352,H
12/14/20,Mon,16:34,-1.77,-54,L
12/14/20,Mon,22:50,10.07,307,H
12/15/20,Tue,04:44,-0.5,-15,L
12/15/20,Tue,10:59,11.57,353,H
12/15/20,Tue,17:26,-1.77,-54,L
12/15/20,Tue,23:43,9.98,304,H
12/16/20,Wed,05:35,-0.35,-11,L
12/16/20,Wed,11:50,11.38,347,H
12/16/20,Wed,18:17,-1.56,-48,L
12/17/20,Thu,00:34,9.78,298,H
12/17/20,Thu,06:26,-0.07,-2,L
12/17/20,Thu,12:41,11.02,336,H
12/17/20,Thu,19:08,-1.18,-36,L
12/18/20,Fri,01:26,9.49,289,H
12/18/20,Fri,07:18,0.29,9,L
12/18/20,Fri,13:33,10.5,320,H
12/18/20,Fri,20:00,-0.68,-21,L
12/19/20,Sat,02:19,9.17,280,H
12/19/20,Sat,08:12,0.69,21,L
12/19/20,Sat,14:27,9.92,302,H
12/19/20,Sat,20:53,-0.17,-5,L
12/20/20,Sun,03:13,8.9,271,H
12/20/20,Sun,09:10,1.05,32,L
12/20/20,Sun,15:23,9.34,285,H
12/20/20,Sun,21:47,0.32,10,L
12/21/20,Mon,04:08,8.71,265,H
12/21/20,Mon,10:09,1.32,40,L
12/21/20,Mon,16:21,8.83,269,H
12/21/20,Mon,22:40,0.74,23,L
12/22/20,Tue,05:02,8.62,263,H
12/22/20,Tue,11:09,1.46,45,L
12/22/20,Tue,17:19,8.42,257,H
12/22/20,Tue,23:33,1.08,33,L
12/23/20,Wed,05:55,8.63,263,H
12/23/20,Wed,12:10,1.44,44,L
12/23/20,Wed,18:18,8.15,248,H
12/24/20,Thu,00:27,1.31,40,L
12/24/20,Thu,06:48,8.73,266,H
12/24/20,Thu,13:08,1.28,39,L
12/24/20,Thu,19:15,8.05,245,H
12/25/20,Fri,01:18,1.41,43,L
12/25/20,Fri,07:37,8.91,272,H
12/25/20,Fri,14:01,1.01,31,L
12/25/20,Fri,20:08,8.08,246,H
12/26/20,Sat,02:06,1.41,43,L
12/26/20,Sat,08:22,9.13,278,H
12/26/20,Sat,14:48,0.7,21,L
12/26/20,Sat,20:56,8.19,250,H
12/27/20,Sun,02:49,1.35,41,L
12/27/20,Sun,09:04,9.35,285,H
12/27/20,Sun,15:30,0.42,13,L
12/27/20,Sun,21:40,8.31,253,H
12/28/20,Mon,03:28,1.25,38,L
12/28/20,Mon,09:43,9.55,291,H
12/28/20,Mon,16:09,0.17,5,L
12/28/20,Mon,22:21,8.43,257,H
12/29/20,Tue,04:07,1.14,35,L
12/29/20,Tue,10:22,9.73,297,H
12/29/20,Tue,16:47,-0.03,-1,L
12/29/20,Tue,23:01,8.53,260,H
12/30/20,Wed,04:45,1.02,31,L
12/30/20,Wed,11:00,9.88,301,H
12/30/20,Wed,17:24,-0.19,-6,L
12/30/20,Wed,23:40,8.61,262,H
12/31/20,Thu,05:24,0.9,27,L
12/31/20,Thu,11:38,10,305,H
12/31/20,Thu,18:02,-0.32,-10,L
